using_ip,url_length,shortened_url,at_symbol,double_slash_redirect,prefix_suffix,sub_domains,special_chars,https,domain_length,suspicious_tld,entropy,domain_registration_length,dns_record,favicon,request_url,anchor_url,links_in_scripts,server_form_handler,iframe_redirection,status_bar_customization,disable_right_click,website_forwarding,label,Predicted
-0.0500626174321758,0.5516040822333181,-0.2145346233187325,-0.081923192051904,-0.0708881205008335,2.0415578993334353,1.3316607841047603,0.7495582765173918,0.5871017633272931,1.8729681455346912,-0.1422485640363838,2.1640113115345843,-0.96221855922628,0.515062042509356,-0.3819854848273595,-0.765607533290221,1.2564652102133755,-0.6696811690943956,2.074858980219718,-0.4054260348642883,-0.3320973879082978,-0.0129110204505626,0.2504938403905321,0,1
-0.0500626174321758,-0.2610855857129323,-0.2145346233187325,-0.081923192051904,-0.0708881205008335,2.0415578993334353,-0.2476957497217987,-0.1044769796740915,0.5871017633272931,-0.3020515438477267,-0.1422485640363838,0.2084581930497294,-0.0164789453623301,0.515062042509356,-0.3819854848273595,-0.765607533290221,-0.9543857676519176,-0.6696811690943956,-0.4819604655223867,-0.4054260348642883,-0.3320973879082978,-0.0129110204505626,0.2504938403905321,1,0
-0.0500626174321758,-0.233995930114724,4.661252270288824,-0.081923192051904,-0.0708881205008335,-0.4898220130452818,-0.2476957497217987,-0.1044769796740915,0.5871017633272931,-0.1984791776866591,-0.1422485640363838,0.2267797419212762,1.0237569617018227,0.515062042509356,-0.3819854848273595,-0.765607533290221,1.2564652102133755,-0.6696811690943956,-0.4819604655223867,-0.4054260348642883,-0.3320973879082978,-0.0129110204505626,0.2504938403905321,1,0
-0.0500626174321758,-0.1527269633200989,-0.2145346233187325,-0.081923192051904,-0.0708881205008335,2.0415578993334353,-0.2476957497217987,-0.1044769796740915,0.5871017633272931,0.1122379207965434,-0.1422485640363838,-0.3948268658757138,1.9692376816117991,0.515062042509356,-0.3819854848273595,1.4308530575417666,-0.9543857676519176,-0.6696811690943956,-0.4819604655223867,-0.4054260348642883,-0.3320973879082978,-0.0129110204505626,0.2504938403905321,1,0
-0.0500626174321758,0.0098109702691511,-0.2145346233187325,-0.081923192051904,-0.0708881205008335,-0.4898220130452818,-0.2476957497217987,-0.1044769796740915,0.5871017633272931,0.6300997516018811,-0.1422485640363838,0.4636598051749671,0.8345054813474435,0.515062042509356,2.617900521670229,1.4308530575417666,1.2564652102133755,2.806949635172753,-0.4819604655223867,-0.4054260348642883,-0.3320973879082978,-0.0129110204505626,0.2504938403905321,0,1
-0.0500626174321758,0.0639902814655678,-0.2145346233187325,-0.081923192051904,-0.0708881205008335,-0.4898220130452818,-0.2476957497217987,-0.1044769796740915,0.5871017633272931,0.9408168500850836,-0.1422485640363838,0.7115350568864076,1.213008442056202,0.515062042509356,-0.3819854848273595,-0.765607533290221,1.2564652102133755,-0.6696811690943956,-0.4819604655223867,-0.4054260348642883,-0.3320973879082978,-0.0129110204505626,0.2504938403905321,1,0
-0.0500626174321758,-0.0714579965254739,-0.2145346233187325,-0.081923192051904,-0.0708881205008335,2.0415578993334353,-0.2476957497217987,-0.1044769796740915,0.5871017633272931,0.422955019279746,-0.1422485640363838,0.5539558901234282,1.2127495481022288,0.515062042509356,-0.3819854848273595,0.3972245442090665,1.088976499769035,-0.6696811690943956,-0.4819604655223867,-0.4054260348642883,-0.3320973879082978,-0.0129110204505626,0.2504938403905321,1,0
-0.0500626174321758,0.0910799370637761,4.661252270288824,-0.081923192051904,-0.0708881205008335,-0.4898220130452818,-0.2476957497217987,-0.1044769796740915,0.5871017633272931,-0.8199133746530644,-0.1422485640363838,-1.0930441346928708,-0.4889604113633453,0.515062042509356,-0.3819854848273595,-0.765607533290221,-0.9543857676519176,-0.6696811690943956,-0.4819604655223867,-0.4054260348642883,-0.3320973879082978,-0.0129110204505626,0.2504938403905321,0,1
-0.0500626174321758,-0.315264896909349,-0.2145346233187325,-0.081923192051904,-0.0708881205008335,2.0415578993334353,-0.2476957497217987,-0.1044769796740915,0.5871017633272931,-0.5091962761698617,-0.1422485640363838,-0.54871897374685,0.5510166017468343,0.515062042509356,-0.3819854848273595,-0.765607533290221,-0.9543857676519176,-0.6696811690943956,-0.4819604655223867,-0.4054260348642883,-0.3320973879082978,-0.0129110204505626,-1.2989525950148213,1,0
-0.0500626174321758,-0.1527269633200989,-0.2145346233187325,-0.081923192051904,-0.0708881205008335,-0.4898220130452818,-0.2476957497217987,-0.1044769796740915,0.5871017633272931,0.1122379207965434,-0.1422485640363838,0.3679699089182472,0.172772534992049,0.515062042509356,-0.3819854848273595,-0.765607533290221,-0.9543857676519176,-0.6696811690943956,-0.4819604655223867,-0.4054260348642883,-0.3320973879082978,-0.0129110204505626,0.2504938403905321,1,0
-0.0500626174321758,-0.315264896909349,-0.2145346233187325,-0.081923192051904,-0.0708881205008335,-0.4898220130452818,-0.2476957497217987,-0.1044769796740915,0.5871017633272931,-0.5091962761698617,-0.1422485640363838,-0.656247789974616,0.3620240153464283,0.515062042509356,-0.3819854848273595,-0.765607533290221,1.2564652102133755,-0.6696811690943956,-0.4819604655223867,-0.4054260348642883,-0.3320973879082978,-0.0129110204505626,0.2504938403905321,1,0
-0.0500626174321758,-0.2610855857129323,-0.2145346233187325,-0.081923192051904,-0.0708881205008335,-0.4898220130452818,-0.2476957497217987,-0.1044769796740915,0.5871017633272931,-0.3020515438477267,-0.1422485640363838,0.2084581930497316,1.496238427702838,0.515062042509356,-0.3819854848273595,-0.765607533290221,-0.4373319099253572,-0.5116524961731616,-0.4819604655223867,-0.4054260348642883,-0.3320973879082978,-0.0129110204505626,0.2504938403905321,1,0
-0.0500626174321758,-0.315264896909349,-0.2145346233187325,-0.081923192051904,-0.0708881205008335,-0.4898220130452818,1.3316607841047603,-0.1044769796740915,0.5871017633272931,-0.5091962761698617,-0.1422485640363838,-0.5864184268987775,-0.96221855922628,-1.941513676931134,-0.3819854848273595,-0.765607533290221,-0.9543857676519176,-0.6696811690943956,-0.4819604655223867,-0.4054260348642883,-0.3320973879082978,-0.0129110204505626,-1.2989525950148213,1,0
-0.0500626174321758,-0.1527269633200989,-0.2145346233187325,-0.081923192051904,-0.0708881205008335,-0.4898220130452818,-0.2476957497217987,-0.1044769796740915,0.5871017633272931,0.1122379207965434,-0.1422485640363838,0.1057882525563967,-0.96221855922628,0.515062042509356,-0.3819854848273595,-0.765607533290221,0.3721248190672581,-0.6696811690943956,-0.4819604655223867,-0.4054260348642883,-0.3320973879082978,-0.0129110204505626,0.2504938403905321,1,0
-0.0500626174321758,-0.0714579965254739,4.661252270288824,-0.081923192051904,-0.0708881205008335,2.0415578993334353,-0.2476957497217987,-0.1044769796740915,0.5871017633272931,0.422955019279746,-0.1422485640363838,0.4836485872052745,1.4967562156107843,0.515062042509356,-0.3819854848273595,-0.765607533290221,-0.9543857676519176,-0.6696811690943956,-0.4819604655223867,-0.4054260348642883,-0.3320973879082978,-0.0129110204505626,-1.2989525950148213,1,0
-0.0500626174321758,1.7706385841526937,-0.2145346233187325,-0.081923192051904,14.106735979665885,-0.4898220130452818,-0.2476957497217987,-0.1044769796740915,0.5871017633272931,-0.7163410084919968,-0.1422485640363838,0.0396113915994462,0.078276241791846,0.515062042509356,2.617900521670229,-0.765607533290221,1.2564652102133755,2.806949635172753,-0.4819604655223867,-0.4054260348642883,-0.3320973879082978,-0.0129110204505626,1.7999402757958851,0,1
-0.0500626174321758,-0.1256373077218906,-0.2145346233187325,-0.081923192051904,-0.0708881205008335,-0.4898220130452818,-0.2476957497217987,-0.1044769796740915,0.5871017633272931,0.2158102869576109,-0.1422485640363838,0.2019618113885689,-0.2999678249629393,0.515062042509356,-0.3819854848273595,1.4308530575417666,-0.9543857676519176,-0.6696811690943956,-0.4819604655223867,-0.4054260348642883,-0.3320973879082978,-0.0129110204505626,0.2504938403905321,1,0
-0.0500626174321758,-0.3423545525075573,-0.2145346233187325,-0.081923192051904,-0.0708881205008335,2.0415578993334353,-0.2476957497217987,-0.1044769796740915,0.5871017633272931,-0.6127686423309293,-0.1422485640363838,-0.8851517558396195,1.6854899080572172,0.515062042509356,-0.3819854848273595,-0.765607533290221,-0.7816630350061917,-0.4121529613709031,-0.4819604655223867,-0.4054260348642883,-0.3320973879082978,-0.0129110204505626,0.2504938403905321,1,0
-0.0500626174321758,1.3913834057777767,-0.2145346233187325,-0.081923192051904,-0.0708881205008335,-0.4898220130452818,-0.2476957497217987,-0.1044769796740915,0.5871017633272931,-0.7163410084919968,-0.1422485640363838,0.0396113915994462,0.078276241791846,0.515062042509356,2.617900521670229,-0.765607533290221,1.2564652102133755,2.806949635172753,-0.4819604655223867,-0.4054260348642883,-0.3320973879082978,-0.0129110204505626,1.7999402757958851,0,1
-0.0500626174321758,-0.233995930114724,-0.2145346233187325,-0.081923192051904,-0.0708881205008335,2.0415578993334353,-0.2476957497217987,-0.1044769796740915,0.5871017633272931,-0.1984791776866591,-0.1422485640363838,0.1353802481276747,1.4967562156107843,0.515062042509356,-0.3819854848273595,-0.6557845037486217,-0.4854173784077646,-0.5843650757381466,-0.4819604655223867,-0.4054260348642883,-0.3320973879082978,-0.0129110204505626,0.2504938403905321,1,0
-0.0500626174321758,-0.3694442081057657,-0.2145346233187325,-0.081923192051904,-0.0708881205008335,2.0415578993334353,-0.2476957497217987,-0.1044769796740915,0.5871017633272931,-0.7163410084919968,-0.1422485640363838,-0.4051265283942416,1.6854899080572172,0.515062042509356,-0.3819854848273595,-0.765607533290221,-0.9543857676519176,-0.6696811690943956,-0.4819604655223867,-0.4054260348642883,-0.3320973879082978,-0.0129110204505626,0.2504938403905321,1,0
-0.0500626174321758,-0.0714579965254739,-0.2145346233187325,-0.081923192051904,-0.0708881205008335,-0.4898220130452818,1.3316607841047603,-0.1044769796740915,0.5871017633272931,0.422955019279746,-0.1422485640363838,0.3676836238144567,-0.96221855922628,-1.941513676931134,-0.3819854848273595,-0.765607533290221,-0.9543857676519176,-0.6696811690943956,-0.4819604655223867,-0.4054260348642883,-0.3320973879082978,-0.0129110204505626,-1.2989525950148213,1,0
-0.0500626174321758,-0.233995930114724,-0.2145346233187325,-0.081923192051904,-0.0708881205008335,-0.4898220130452818,-0.2476957497217987,-0.1044769796740915,0.5871017633272931,-0.3020515438477267,-0.1422485640363838,0.5595670772552712,0.8345054813474435,0.515062042509356,2.617900521670229,1.4308530575417666,1.2564652102133755,2.806949635172753,-0.4819604655223867,-0.4054260348642883,-0.3320973879082978,-0.0129110204505626,0.2504938403905321,0,1
-0.0500626174321758,-0.4236235193021824,-0.2145346233187325,-0.081923192051904,-0.0708881205008335,2.0415578993334353,-0.2476957497217987,-0.1044769796740915,0.5871017633272931,-0.923485740814132,-0.1422485640363838,-1.1224945066573178,-0.2054715317627362,0.515062042509356,-0.3819854848273595,-0.765607533290221,-0.4411525049331889,-0.5674273219100676,-0.4819604655223867,-0.4054260348642883,-0.3320973879082978,-0.0129110204505626,0.2504938403905321,1,0
-0.0500626174321758,-0.1256373077218906,-0.2145346233187325,-0.081923192051904,-0.0708881205008335,-0.4898220130452818,-0.2476957497217987,-0.1044769796740915,0.5871017633272931,0.2158102869576109,-0.1422485640363838,0.4037567665566223,1.4967562156107843,0.515062042509356,-0.3819854848273595,-0.765607533290221,-0.9543857676519176,-0.6696811690943956,-0.4819604655223867,-0.4054260348642883,-0.3320973879082978,-0.0129110204505626,1.7999402757958851,1,0
-0.0500626174321758,-0.3965338637039741,-0.2145346233187325,-0.081923192051904,-0.0708881205008335,-0.4898220130452818,-0.2476957497217987,-0.1044769796740915,0.5871017633272931,-0.8199133746530644,-0.1422485640363838,-0.7471099258333503,1.4967562156107843,0.515062042509356,-0.3819854848273595,1.4308530575417666,0.8879900472358266,-0.6696811690943956,-0.4819604655223867,-0.4054260348642883,-0.3320973879082978,-0.0129110204505626,0.2504938403905321,1,0
-0.0500626174321758,1.6893696173580688,-0.2145346233187325,-0.081923192051904,-0.0708881205008335,-0.4898220130452818,-0.2476957497217987,-0.1044769796740915,0.5871017633272931,-0.6127686423309293,-0.1422485640363838,0.325617975168699,-0.96221855922628,0.515062042509356,-0.3819854848273595,-0.765607533290221,-0.9543857676519176,1.0686342330391787,-0.4819604655223867,-0.4054260348642883,-0.3320973879082978,-0.0129110204505626,0.2504938403905321,0,1
-0.0500626174321758,0.0910799370637761,-0.2145346233187325,-0.081923192051904,-0.0708881205008335,-0.4898220130452818,-0.2476957497217987,-0.1044769796740915,0.5871017633272931,1.0443892162461512,-0.1422485640363838,0.6007254429099463,-0.96221855922628,0.515062042509356,-0.3819854848273595,-0.765607533290221,-0.9543857676519176,-0.6696811690943956,-0.4819604655223867,-0.4054260348642883,-0.3320973879082978,-0.0129110204505626,0.2504938403905321,1,0
-0.0500626174321758,-0.0172786853290572,-0.2145346233187325,-0.081923192051904,-0.0708881205008335,2.0415578993334353,-0.2476957497217987,-0.1044769796740915,0.5871017633272931,0.6300997516018811,-0.1422485640363838,1.0249575174745753,0.2672688281922521,0.515062042509356,-0.3819854848273595,-0.765607533290221,-0.1355520721462536,-0.3799619354054665,-0.4819604655223867,-0.4054260348642883,-0.3320973879082978,-0.0129110204505626,0.2504938403905321,1,0
-0.0500626174321758,-0.2610855857129323,-0.2145346233187325,-0.081923192051904,-0.0708881205008335,2.0415578993334353,-0.2476957497217987,-0.1044769796740915,0.5871017633272931,-0.3020515438477267,-0.1422485640363838,-0.4937595753613529,1.024015855655796,0.515062042509356,-0.3819854848273595,1.4308530575417666,1.2564652102133755,-0.6696811690943956,-0.4819604655223867,-0.4054260348642883,-0.3320973879082978,-0.0129110204505626,0.2504938403905321,1,0
-0.0500626174321758,-0.233995930114724,-0.2145346233187325,-0.081923192051904,-0.0708881205008335,2.0415578993334353,-0.2476957497217987,-0.1044769796740915,0.5871017633272931,-0.1984791776866591,-0.1422485640363838,0.4689336881229401,1.7802450952113933,0.515062042509356,2.617900521670229,1.4308530575417666,1.1559719839467717,-0.6696811690943956,-0.4819604655223867,-0.4054260348642883,-0.3320973879082978,-0.0129110204505626,0.2504938403905321,1,0
-0.0500626174321758,-0.233995930114724,4.661252270288824,-0.081923192051904,-0.0708881205008335,-0.4898220130452818,-1.8270522835483576,-0.1044769796740915,0.5871017633272931,-1.752064670102672,-0.1422485640363838,-2.829822064906752,-0.96221855922628,0.515062042509356,2.617900521670229,-0.765607533290221,0.5195148842582776,-0.6696811690943956,-0.4819604655223867,-0.4054260348642883,-0.3320973879082978,-0.0129110204505626,0.2504938403905321,0,1
-0.0500626174321758,-0.4236235193021824,-0.2145346233187325,-0.081923192051904,-0.0708881205008335,-0.4898220130452818,-0.2476957497217987,-0.1044769796740915,0.5871017633272931,-0.923485740814132,-0.1422485640363838,-1.8675835718932068,1.0237569617018227,-1.941513676931134,-0.3819854848273595,-0.765607533290221,-0.9543857676519176,-0.6696811690943956,-0.4819604655223867,-0.4054260348642883,-0.3320973879082978,-0.0129110204505626,-1.2989525950148213,1,0
-0.0500626174321758,0.0098109702691511,-0.2145346233187325,-0.081923192051904,-0.0708881205008335,2.0415578993334353,-0.2476957497217987,-0.1044769796740915,0.5871017633272931,0.7336721177629486,-0.1422485640363838,1.118195051613718,1.099095102308012,0.515062042509356,2.617900521670229,1.4308530575417666,1.074751431210749,0.5819059204417778,-0.4819604655223867,-0.4054260348642883,-0.3320973879082978,-0.0129110204505626,0.2504938403905321,1,0
-0.0500626174321758,-0.3965338637039741,-0.2145346233187325,-0.081923192051904,-0.0708881205008335,-0.4898220130452818,-0.2476957497217987,-0.1044769796740915,0.5871017633272931,-0.8199133746530644,-0.1422485640363838,-0.7471099258333503,0.8997467577486795,0.515062042509356,-0.3819854848273595,0.4895128043280575,0.9549855314135628,-0.5593119372128987,-0.4819604655223867,-0.4054260348642883,-0.3320973879082978,-0.0129110204505626,0.2504938403905321,1,0
-0.0500626174321758,-0.233995930114724,-0.2145346233187325,-0.081923192051904,-0.0708881205008335,-0.4898220130452818,-0.2476957497217987,-0.1044769796740915,0.5871017633272931,-0.1984791776866591,-0.1422485640363838,0.468933688122939,0.078276241791846,0.515062042509356,-0.3819854848273595,-0.7233679065434521,0.1845374633695969,-0.5116524961731616,-0.4819604655223867,-0.4054260348642883,-0.3320973879082978,-0.0129110204505626,0.2504938403905321,1,0
-0.0500626174321758,-0.3423545525075573,-0.2145346233187325,-0.081923192051904,-0.0708881205008335,2.0415578993334353,-0.2476957497217987,-0.1044769796740915,0.5871017633272931,-0.6127686423309293,-0.1422485640363838,-0.3940162575774609,-0.96221855922628,0.515062042509356,-0.3819854848273595,-0.3263154151238235,-0.1040584684729587,-0.6696811690943956,-0.4819604655223867,-0.4054260348642883,-0.3320973879082978,-0.0129110204505626,0.2504938403905321,1,0
-0.0500626174321758,1.3642937501795684,-0.2145346233187325,-0.081923192051904,-0.0708881205008335,-0.4898220130452818,-0.2476957497217987,-0.1044769796740915,0.5871017633272931,-0.923485740814132,-0.1422485640363838,-0.9818799008210104,0.078276241791846,0.515062042509356,2.617900521670229,-0.765607533290221,1.2564652102133755,2.806949635172753,-0.4819604655223867,-0.4054260348642883,-0.3320973879082978,-0.0129110204505626,1.7999402757958851,0,1
-0.0500626174321758,-0.0443683409272655,-0.2145346233187325,-0.081923192051904,-0.0708881205008335,-0.4898220130452818,-0.2476957497217987,-0.1044769796740915,0.5871017633272931,0.5265273854408136,-0.1422485640363838,0.1590191617088366,-0.2999678249629393,-1.941513676931134,-0.3819854848273595,-0.765607533290221,-0.9543857676519176,-0.6696811690943956,-0.4819604655223867,-0.4054260348642883,-0.3320973879082978,-0.0129110204505626,-1.2989525950148213,1,0
-0.0500626174321758,-0.233995930114724,-0.2145346233187325,-0.081923192051904,-0.0708881205008335,-0.4898220130452818,-0.2476957497217987,-0.1044769796740915,0.5871017633272931,-0.1984791776866591,-0.1422485640363838,0.2267797419212751,0.7402680821012136,0.515062042509356,-0.3819854848273595,1.4308530575417666,1.2564652102133755,-0.6696811690943956,-0.4819604655223867,-0.4054260348642883,-0.3320973879082978,-0.0129110204505626,0.2504938403905321,1,0
-0.0500626174321758,0.0910799370637761,-0.2145346233187325,-0.081923192051904,-0.0708881205008335,-0.4898220130452818,-0.2476957497217987,-0.1044769796740915,0.5871017633272931,1.0443892162461512,-0.1422485640363838,0.6378222920439843,0.6455128949470375,0.515062042509356,-0.3819854848273595,0.1388174158758914,-0.5958693928629513,-0.5041273212721504,-0.4819604655223867,-0.4054260348642883,-0.3320973879082978,-0.0129110204505626,0.2504938403905321,1,0
-0.0500626174321758,-0.2881752413111407,-0.2145346233187325,-0.081923192051904,-0.0708881205008335,2.0415578993334353,-0.2476957497217987,-0.1044769796740915,0.5871017633272931,-0.4056239100087942,-0.1422485640363838,-0.1722942575516953,1.4022599224105812,0.515062042509356,-0.3819854848273595,-0.5966490263031451,0.0600046810156873,-0.5151642444603001,-0.4819604655223867,-0.4054260348642883,-0.3320973879082978,-0.0129110204505626,0.2504938403905321,1,0
-0.0500626174321758,-0.1527269633200989,-0.2145346233187325,-0.081923192051904,-0.0708881205008335,-0.4898220130452818,-0.2476957497217987,-0.1044769796740915,0.5871017633272931,0.1122379207965434,-0.1422485640363838,0.4474477296083354,0.4562614145926582,0.515062042509356,-0.3819854848273595,-0.765607533290221,-0.9543857676519176,-0.6696811690943956,-0.4819604655223867,-0.4054260348642883,-0.3320973879082978,-0.0129110204505626,0.2504938403905321,1,0
-0.0500626174321758,1.635190306161652,-0.2145346233187325,-0.081923192051904,-0.0708881205008335,-0.4898220130452818,-1.8270522835483576,-0.1044769796740915,0.5871017633272931,-1.5449199377805372,-0.1422485640363838,-2.3462102647115204,0.078276241791846,0.515062042509356,2.617900521670229,-0.765607533290221,1.2564652102133755,2.806949635172753,-0.4819604655223867,-0.4054260348642883,-0.3320973879082978,-0.0129110204505626,0.2504938403905321,0,1
-0.0500626174321758,-0.3694442081057657,-0.2145346233187325,-0.081923192051904,-0.0708881205008335,-0.4898220130452818,-0.2476957497217987,-0.1044769796740915,0.5871017633272931,-0.7163410084919968,-0.1422485640363838,-1.495608304925695,1.4964973216568112,0.515062042509356,-0.3819854848273595,1.4308530575417666,1.2564652102133755,-0.6696811690943956,-0.4819604655223867,-0.4054260348642883,-0.3320973879082978,-0.0129110204505626,1.7999402757958851,1,0
-0.0500626174321758,1.2559351277867352,-0.2145346233187325,-0.081923192051904,-0.0708881205008335,-0.4898220130452818,1.3316607841047603,-0.1044769796740915,0.5871017633272931,5.394428595010988,-0.1422485640363838,2.9280128817430833,-0.2054715317627362,0.515062042509356,2.617900521670229,-0.765607533290221,1.2564652102133755,2.806949635172753,-0.4819604655223867,-0.4054260348642883,-0.3320973879082978,-0.0129110204505626,0.2504938403905321,0,1
-0.0500626174321758,-0.3965338637039741,-0.2145346233187325,-0.081923192051904,-0.0708881205008335,-0.4898220130452818,-0.2476957497217987,-0.1044769796740915,0.5871017633272931,-0.8199133746530644,-0.1422485640363838,-0.4011757169738298,0.6455128949470375,-1.941513676931134,-0.3819854848273595,-0.765607533290221,-0.9543857676519176,-0.6696811690943956,-0.4819604655223867,-0.4054260348642883,-0.3320973879082978,-0.0129110204505626,-1.2989525950148213,1,0
-0.0500626174321758,-0.2069062745165156,-0.2145346233187325,-0.081923192051904,-0.0708881205008335,-0.4898220130452818,-0.2476957497217987,-0.1044769796740915,0.5871017633272931,-0.0949068115255916,-0.1422485640363838,0.3082063421370863,0.4565203085466313,0.515062042509356,-0.3819854848273595,-0.765607533290221,-0.9543857676519176,-0.6696811690943956,-0.4819604655223867,-0.4054260348642883,-0.3320973879082978,-0.0129110204505626,0.2504938403905321,1,0
-0.0500626174321758,1.2559351277867352,-0.2145346233187325,-0.081923192051904,-0.0708881205008335,-0.4898220130452818,1.3316607841047603,-0.1044769796740915,0.5871017633272931,5.394428595010988,-0.1422485640363838,3.2049975135436757,-0.2054715317627362,0.515062042509356,2.617900521670229,-0.765607533290221,1.2564652102133755,2.806949635172753,-0.4819604655223867,-0.4054260348642883,-0.3320973879082978,-0.0129110204505626,0.2504938403905321,0,1
-0.0500626174321758,-0.0443683409272655,-0.2145346233187325,-0.081923192051904,-0.0708881205008335,-0.4898220130452818,-0.2476957497217987,-0.1044769796740915,0.5871017633272931,0.5265273854408136,-0.1422485640363838,0.706095641296381,0.3620240153464283,0.515062042509356,-0.3819854848273595,-0.6191768272347552,-0.2261054455315858,-0.5359645996995053,-0.4819604655223867,-0.4054260348642883,-0.3320973879082978,-0.0129110204505626,0.2504938403905321,1,0
-0.0500626174321758,-0.3694442081057657,-0.2145346233187325,-0.081923192051904,-0.0708881205008335,-0.4898220130452818,-0.2476957497217987,-0.1044769796740915,0.5871017633272931,-0.7163410084919968,-0.1422485640363838,-0.7279984566631255,0.2672688281922521,0.515062042509356,-0.3819854848273595,1.4308530575417666,0.3913496101791304,-0.6696811690943956,-0.4819604655223867,-0.4054260348642883,-0.3320973879082978,-0.0129110204505626,0.2504938403905321,1,0
-0.0500626174321758,-0.2610855857129323,-0.2145346233187325,-0.081923192051904,-0.0708881205008335,2.0415578993334353,-0.2476957497217987,-0.1044769796740915,0.5871017633272931,-0.3020515438477267,-0.1422485640363838,0.2084581930497294,0.3620240153464283,0.515062042509356,-0.3819854848273595,1.4308530575417666,1.2073351884830354,1.0686342330391787,-0.4819604655223867,-0.4054260348642883,-0.3320973879082978,-0.0129110204505626,0.2504938403905321,1,0
-0.0500626174321758,0.1452592482601928,-0.2145346233187325,-0.081923192051904,-0.0708881205008335,-0.4898220130452818,1.3316607841047603,-0.1044769796740915,0.5871017633272931,1.2515339485682864,-0.1422485640363838,1.1346406794311668,-0.96221855922628,0.515062042509356,-0.3819854848273595,-0.765607533290221,1.2564652102133755,-0.6696811690943956,2.074858980219718,-0.4054260348642883,-0.3320973879082978,-0.0129110204505626,0.2504938403905321,0,1
-0.0500626174321758,-0.0172786853290572,-0.2145346233187325,-0.081923192051904,-0.0708881205008335,-0.4898220130452818,1.3316607841047603,-0.1044769796740915,0.5871017633272931,0.6300997516018811,-0.1422485640363838,0.6790233086150581,-0.8674633720721038,-1.941513676931134,-0.3819854848273595,-0.765607533290221,-0.9543857676519176,-0.6696811690943956,-0.4819604655223867,-0.4054260348642883,-0.3320973879082978,-0.0129110204505626,-1.2989525950148213,1,0
-0.0500626174321758,-0.2069062745165156,-0.2145346233187325,-0.081923192051904,-0.0708881205008335,2.0415578993334353,-0.2476957497217987,-0.1044769796740915,0.5871017633272931,-0.0949068115255916,-0.1422485640363838,-0.1530392696756069,-0.96221855922628,0.515062042509356,2.617900521670229,1.4308530575417666,1.1310268568593165,0.6050834591368921,-0.4819604655223867,-0.4054260348642883,-0.3320973879082978,-0.0129110204505626,0.2504938403905321,1,0
-0.0500626174321758,-0.2881752413111407,-0.2145346233187325,-0.081923192051904,-0.0708881205008335,2.0415578993334353,-0.2476957497217987,-0.1044769796740915,0.5871017633272931,-0.4056239100087942,-0.1422485640363838,0.4673806160004474,-0.96221855922628,0.515062042509356,-0.3819854848273595,1.4308530575417666,0.9924830039011016,1.9377919341059655,-0.4819604655223867,-0.4054260348642883,-0.3320973879082978,-0.0129110204505626,3.3493867112012388,1,0
-0.0500626174321758,-0.233995930114724,-0.2145346233187325,-0.081923192051904,-0.0708881205008335,2.0415578993334353,1.3316607841047603,-0.1044769796740915,0.5871017633272931,-0.1984791776866591,-0.1422485640363838,0.0439807543340743,0.3620240153464283,0.515062042509356,-0.3819854848273595,-0.765607533290221,-0.9543857676519176,-0.6696811690943956,-0.4819604655223867,-0.4054260348642883,-0.3320973879082978,-0.0129110204505626,0.2504938403905321,1,0
-0.0500626174321758,0.0639902814655678,-0.2145346233187325,-0.081923192051904,-0.0708881205008335,-0.4898220130452818,-1.8270522835483576,-0.1044769796740915,0.5871017633272931,-0.923485740814132,-0.1422485640363838,-0.2367908355851216,-0.5837155985175215,0.515062042509356,-0.3819854848273595,-0.765607533290221,-0.9543857676519176,1.6480727004170366,-0.4819604655223867,-0.4054260348642883,-0.3320973879082978,-0.0129110204505626,0.2504938403905321,0,1
-0.0500626174321758,0.0098109702691511,-0.2145346233187325,-0.081923192051904,-0.0708881205008335,-0.4898220130452818,-0.2476957497217987,-0.1044769796740915,0.5871017633272931,0.7336721177629486,-0.1422485640363838,1.0058875610990563,-0.016220051408357,0.515062042509356,-0.3819854848273595,-0.1249731942975579,-0.512215572078859,-0.4213503973610278,-0.4819604655223867,-0.4054260348642883,-0.3320973879082978,-0.0129110204505626,0.2504938403905321,1,0
-0.0500626174321758,-0.2610855857129323,-0.2145346233187325,-0.081923192051904,-0.0708881205008335,-0.4898220130452818,-0.2476957497217987,-0.1044769796740915,0.5871017633272931,-0.4056239100087942,-0.1422485640363838,-0.3397992046717653,-0.3944641181631423,0.515062042509356,-0.3819854848273595,-0.765607533290221,-0.9543857676519176,-0.6696811690943956,-0.4819604655223867,-0.4054260348642883,-0.3320973879082978,-0.0129110204505626,0.2504938403905321,0,1
-0.0500626174321758,0.0910799370637761,-0.2145346233187325,-0.081923192051904,-0.0708881205008335,-0.4898220130452818,-0.2476957497217987,-0.1044769796740915,0.5871017633272931,0.2158102869576109,-0.1422485640363838,0.8835129217207294,-0.96221855922628,0.515062042509356,2.617900521670229,-0.765607533290221,-0.9543857676519176,1.9377919341059655,-0.4819604655223867,-0.4054260348642883,-0.3320973879082978,-0.0129110204505626,0.2504938403905321,0,1
-0.0500626174321758,-0.233995930114724,-0.2145346233187325,-0.081923192051904,-0.0708881205008335,-0.4898220130452818,-0.2476957497217987,-0.1044769796740915,0.5871017633272931,-0.1984791776866591,-0.1422485640363838,0.468933688122939,1.6857488020111904,0.515062042509356,2.617900521670229,1.4167731819595102,1.2233851457066631,0.1994765319723915,-0.4819604655223867,-0.4054260348642883,-0.3320973879082978,-0.0129110204505626,0.2504938403905321,1,0
-0.0500626174321758,-0.233995930114724,-0.2145346233187325,-0.081923192051904,-0.0708881205008335,-0.4898220130452818,-0.2476957497217987,-0.1044769796740915,0.5871017633272931,-0.1984791776866591,-0.1422485640363838,-0.1067736980739891,-0.3002267189169124,0.515062042509356,-0.3819854848273595,0.3208138342180739,-0.7005081433994439,-0.5674273219100676,-0.4819604655223867,-0.4054260348642883,-0.3320973879082978,-0.0129110204505626,0.2504938403905321,1,0
-0.0500626174321758,1.228845472188527,-0.2145346233187325,-0.081923192051904,-0.0708881205008335,-0.4898220130452818,1.3316607841047603,-0.1044769796740915,0.5871017633272931,5.29085622884992,-0.1422485640363838,2.820763092364419,-0.5837155985175215,0.515062042509356,-0.3819854848273595,-0.765607533290221,-0.9543857676519176,-0.6696811690943956,-0.4819604655223867,-0.4054260348642883,-0.3320973879082978,-0.0129110204505626,0.2504938403905321,0,1
-0.0500626174321758,-0.0714579965254739,-0.2145346233187325,-0.081923192051904,-0.0708881205008335,-0.4898220130452818,-0.2476957497217987,-0.1044769796740915,0.5871017633272931,0.422955019279746,-0.1422485640363838,0.5539558901234282,0.2672688281922521,0.515062042509356,-0.3819854848273595,-0.0334540030128918,-0.6104756155395388,-0.4089338587743594,-0.4819604655223867,-0.4054260348642883,-0.3320973879082978,-0.0129110204505626,0.2504938403905321,1,0
-0.0500626174321758,-0.2610855857129323,-0.2145346233187325,-0.081923192051904,-0.0708881205008335,-0.4898220130452818,-0.2476957497217987,-0.1044769796740915,0.5871017633272931,-0.4056239100087942,-0.1422485640363838,-0.2382442115677644,-0.3944641181631423,0.515062042509356,-0.3819854848273595,-0.765607533290221,-0.9543857676519176,-0.6696811690943956,-0.4819604655223867,-0.4054260348642883,-0.3320973879082978,-0.0129110204505626,0.2504938403905321,0,1
-0.0500626174321758,-0.2069062745165156,-0.2145346233187325,-0.081923192051904,-0.0708881205008335,2.0415578993334353,-0.2476957497217987,-0.1044769796740915,0.5871017633272931,-0.0949068115255916,-0.1422485640363838,0.7129234219360041,0.3620240153464283,0.515062042509356,-0.3819854848273595,0.6173491350114009,1.23413338215413,-0.2833888575091569,-0.4819604655223867,-0.4054260348642883,-0.3320973879082978,-0.0129110204505626,0.2504938403905321,1,0
-0.0500626174321758,-0.4507131749003907,-0.2145346233187325,-0.081923192051904,-0.0708881205008335,-0.4898220130452818,-1.8270522835483576,-0.1044769796740915,0.5871017633272931,-1.6484923039416046,-0.1422485640363838,-3.0000536919843337,-0.3944641181631423,0.515062042509356,-0.3819854848273595,-0.765607533290221,0.6247935022518631,1.6480727004170366,-0.4819604655223867,-0.4054260348642883,-0.3320973879082978,-0.0129110204505626,0.2504938403905321,0,1
-0.0500626174321758,-0.4507131749003907,-0.2145346233187325,-0.081923192051904,-0.0708881205008335,-0.4898220130452818,-1.8270522835483576,-0.1044769796740915,0.5871017633272931,-1.6484923039416046,-0.1422485640363838,-3.0000536919843337,-0.3944641181631423,0.515062042509356,-0.3819854848273595,-0.765607533290221,0.6247935022518631,1.6480727004170366,-0.4819604655223867,-0.4054260348642883,-0.3320973879082978,-0.0129110204505626,0.2504938403905321,0,1
-0.0500626174321758,0.84959029381361,-0.2145346233187325,-0.081923192051904,-0.0708881205008335,-0.4898220130452818,2.9110173179313197,-0.1044769796740915,0.5871017633272931,0.5265273854408136,-0.1422485640363838,1.2002488857338098,1.590993614857014,0.515062042509356,-0.3819854848273595,1.4308530575417666,0.1510397212807288,-0.6696811690943956,-0.4819604655223867,-0.4054260348642883,-0.3320973879082978,-0.0129110204505626,0.2504938403905321,0,1
-0.0500626174321758,-0.2881752413111407,-0.2145346233187325,-0.081923192051904,-0.0708881205008335,-0.4898220130452818,-1.8270522835483576,-0.1044769796740915,0.5871017633272931,-0.4056239100087942,-0.1422485640363838,-0.3397992046717653,0.078276241791846,0.515062042509356,-0.3819854848273595,-0.765607533290221,1.1401046324309914,-0.5674273219100676,2.074858980219718,-0.4054260348642883,-0.3320973879082978,-0.0129110204505626,0.2504938403905321,0,1
-0.0500626174321758,-0.3423545525075573,-0.2145346233187325,-0.081923192051904,-0.0708881205008335,-0.4898220130452818,-0.2476957497217987,-0.1044769796740915,0.5871017633272931,-0.6127686423309293,-0.1422485640363838,-0.3940162575774609,1.0237569617018227,0.515062042509356,-0.3819854848273595,-0.2164923855822241,0.5043200321767293,-0.5185233080393021,-0.4819604655223867,-0.4054260348642883,-0.3320973879082978,-0.0129110204505626,0.2504938403905321,1,0
-0.0500626174321758,0.0098109702691511,-0.2145346233187325,-0.081923192051904,-0.0708881205008335,2.0415578993334353,-0.2476957497217987,-0.1044769796740915,0.5871017633272931,0.7336721177629486,-0.1422485640363838,1.181229185264476,-0.96221855922628,0.515062042509356,-0.3819854848273595,0.4446870779845475,0.1420035456218789,0.2452216741338013,-0.4819604655223867,-0.4054260348642883,-0.3320973879082978,-0.0129110204505626,0.2504938403905321,1,0
-0.0500626174321758,1.4184730613759853,-0.2145346233187325,-0.081923192051904,-0.0708881205008335,-0.4898220130452818,-0.2476957497217987,-0.1044769796740915,0.5871017633272931,-0.7163410084919968,-0.1422485640363838,0.0396113915994462,0.078276241791846,0.515062042509356,2.617900521670229,-0.765607533290221,1.2564652102133755,2.806949635172753,-0.4819604655223867,-0.4054260348642883,-0.3320973879082978,-0.0129110204505626,1.7999402757958851,0,1
-0.0500626174321758,0.1994385594566095,-0.2145346233187325,-0.081923192051904,-0.0708881205008335,-0.4898220130452818,1.3316607841047603,-0.1044769796740915,0.5871017633272931,1.4586786808904213,-0.1422485640363838,1.3912878872407275,-0.96221855922628,-1.941513676931134,-0.3819854848273595,-0.765607533290221,-0.9543857676519176,-0.6696811690943956,-0.4819604655223867,-0.4054260348642883,-0.3320973879082978,-0.0129110204505626,-1.2989525950148213,1,0
-0.0500626174321758,0.2536178706530262,-0.2145346233187325,-0.081923192051904,-0.0708881205008335,2.0415578993334353,1.3316607841047603,-0.1044769796740915,0.5871017633272931,1.5622510470514888,-0.1422485640363838,2.181702580789095,-0.96221855922628,0.515062042509356,-0.3819854848273595,-0.765607533290221,1.2564652102133755,-0.6696811690943956,2.074858980219718,-0.4054260348642883,-0.3320973879082978,-0.0129110204505626,0.2504938403905321,0,1
-0.0500626174321758,-0.2881752413111407,-0.2145346233187325,-0.081923192051904,-0.0708881205008335,2.0415578993334353,-0.2476957497217987,-0.1044769796740915,0.5871017633272931,-0.4056239100087942,-0.1422485640363838,0.0308157286563064,-0.2054715317627362,0.515062042509356,-0.3819854848273595,-0.765607533290221,-0.6667953965474894,-0.2685314609097246,-0.4819604655223867,-0.4054260348642883,-0.3320973879082978,-0.0129110204505626,0.2504938403905321,1,0
-0.0500626174321758,1.4184730613759853,-0.2145346233187325,-0.081923192051904,-0.0708881205008335,-0.4898220130452818,-0.2476957497217987,-0.1044769796740915,0.5871017633272931,-0.6127686423309293,-0.1422485640363838,0.325617975168699,-0.96221855922628,0.515062042509356,-0.3819854848273595,-0.765607533290221,-0.9543857676519176,1.0686342330391787,-0.4819604655223867,-0.4054260348642883,-0.3320973879082978,-0.0129110204505626,0.2504938403905321,0,1
-0.0500626174321758,-0.1527269633200989,-0.2145346233187325,-0.081923192051904,-0.0708881205008335,2.0415578993334353,-0.2476957497217987,-0.1044769796740915,0.5871017633272931,0.1122379207965434,-0.1422485640363838,0.0263104318663107,1.213008442056202,0.515062042509356,-0.3819854848273595,-0.765607533290221,-0.9543857676519176,-0.6696811690943956,-0.4819604655223867,-0.4054260348642883,-0.3320973879082978,-0.0129110204505626,0.2504938403905321,1,0
-0.0500626174321758,0.2265282150548179,-0.2145346233187325,-0.081923192051904,-0.0708881205008335,-0.4898220130452818,-0.2476957497217987,-0.1044769796740915,0.5871017633272931,-0.8199133746530644,-0.1422485640363838,-0.6165392204139231,-0.3944641181631423,0.515062042509356,-0.3819854848273595,-0.765607533290221,-0.6385499136711615,-0.4651734747257398,-0.4819604655223867,-0.4054260348642883,-0.3320973879082978,-0.0129110204505626,0.2504938403905321,0,1
-0.0500626174321758,0.9850385718046516,-0.2145346233187325,-0.081923192051904,-0.0708881205008335,-0.4898220130452818,1.3316607841047603,-0.1044769796740915,0.5871017633272931,0.3193826531186785,-0.1422485640363838,-0.0911805708435983,1.3768883149212117,0.515062042509356,-0.3819854848273595,-0.765607533290221,-0.9543857676519176,-0.6696811690943956,-0.4819604655223867,-0.4054260348642883,-0.3320973879082978,-0.0129110204505626,0.2504938403905321,0,1
-0.0500626174321758,-0.3423545525075573,-0.2145346233187325,-0.081923192051904,-0.0708881205008335,-0.4898220130452818,-0.2476957497217987,-0.1044769796740915,0.5871017633272931,-0.6127686423309293,-0.1422485640363838,0.2113686079266983,-0.8672044781181306,-1.941513676931134,-0.3819854848273595,-0.765607533290221,-0.9543857676519176,-0.6696811690943956,-0.4819604655223867,-0.4054260348642883,-0.3320973879082978,-0.0129110204505626,-1.2989525950148213,1,0
-0.0500626174321758,1.2559351277867352,-0.2145346233187325,-0.081923192051904,-0.0708881205008335,-0.4898220130452818,1.3316607841047603,-0.1044769796740915,0.5871017633272931,5.394428595010988,-0.1422485640363838,2.8475773562907376,-0.2054715317627362,0.515062042509356,2.617900521670229,-0.765607533290221,1.2564652102133755,2.806949635172753,-0.4819604655223867,-0.4054260348642883,-0.3320973879082978,-0.0129110204505626,0.2504938403905321,0,1
-0.0500626174321758,-0.3694442081057657,-0.2145346233187325,-0.081923192051904,-0.0708881205008335,-0.4898220130452818,-0.2476957497217987,-0.1044769796740915,0.5871017633272931,-0.7163410084919968,-0.1422485640363838,-0.7279984566631255,-0.4892193053173185,0.515062042509356,-0.3819854848273595,-0.765607533290221,1.2564652102133755,-0.6696811690943956,-0.4819604655223867,-0.4054260348642883,-0.3320973879082978,-0.0129110204505626,0.2504938403905321,1,0
-0.0500626174321758,-0.315264896909349,-0.2145346233187325,-0.081923192051904,-0.0708881205008335,-0.4898220130452818,-0.2476957497217987,-0.1044769796740915,0.5871017633272931,-0.6127686423309293,-0.1422485640363838,-0.2797668903354601,-0.96221855922628,0.515062042509356,-0.3819854848273595,-0.765607533290221,-0.9543857676519176,-0.6696811690943956,-0.4819604655223867,-0.4054260348642883,-0.3320973879082978,-0.0129110204505626,0.2504938403905321,0,1
-0.0500626174321758,-0.1527269633200989,-0.2145346233187325,-0.081923192051904,-0.0708881205008335,2.0415578993334353,-0.2476957497217987,-0.1044769796740915,0.5871017633272931,0.1122379207965434,-0.1422485640363838,0.5785385577892591,0.7402680821012136,0.515062042509356,-0.3819854848273595,-0.765607533290221,-0.9543857676519176,-0.6696811690943956,-0.4819604655223867,-0.4054260348642883,-0.3320973879082978,-0.0129110204505626,0.2504938403905321,1,0
-0.0500626174321758,-0.1798166189183073,-0.2145346233187325,-0.081923192051904,-0.0708881205008335,-0.4898220130452818,-0.2476957497217987,-0.1044769796740915,0.5871017633272931,0.0086655546354759,-0.1422485640363838,0.1448275571291159,1.6857488020111904,0.515062042509356,-0.3819854848273595,-0.765607533290221,-0.9543857676519176,-0.6696811690943956,-0.4819604655223867,-0.4054260348642883,-0.3320973879082978,-0.0129110204505626,3.3493867112012388,1,0
-0.0500626174321758,1.6622799617598605,-0.2145346233187325,12.206555615733704,-0.0708881205008335,-0.4898220130452818,1.3316607841047603,0.7495582765173918,0.5871017633272931,-0.1984791776866591,-0.1422485640363838,0.1353802481276747,1.213008442056202,0.515062042509356,2.617900521670229,-0.765607533290221,-0.9543857676519176,2.227511167794895,-0.4819604655223867,-0.4054260348642883,-0.3320973879082978,-0.0129110204505626,0.2504938403905321,0,1
-0.0500626174321758,-0.233995930114724,-0.2145346233187325,-0.081923192051904,-0.0708881205008335,-0.4898220130452818,-0.2476957497217987,-0.1044769796740915,0.5871017633272931,-0.1984791776866591,-0.1422485640363838,-0.1067736980739891,0.2672688281922521,0.515062042509356,2.617900521670229,-0.765607533290221,0.7037524657470522,-0.4867006004487562,-0.4819604655223867,-0.4054260348642883,-0.3320973879082978,-0.0129110204505626,0.2504938403905321,1,0
-0.0500626174321758,0.389066148644068,-0.2145346233187325,-0.081923192051904,-0.0708881205008335,2.0415578993334353,1.3316607841047603,-0.1044769796740915,0.5871017633272931,2.0801128778568265,-0.1422485640363838,1.8225138829945944,-0.96221855922628,0.515062042509356,-0.3819854848273595,-0.765607533290221,1.2564652102133755,-0.6696811690943956,2.074858980219718,-0.4054260348642883,-0.3320973879082978,-0.0129110204505626,0.2504938403905321,0,1
-0.0500626174321758,-0.1256373077218906,-0.2145346233187325,-0.081923192051904,-0.0708881205008335,-0.4898220130452818,-0.2476957497217987,-0.1044769796740915,0.5871017633272931,0.2158102869576109,-0.1422485640363838,0.9596791665487296,-0.016220051408357,0.515062042509356,-0.3819854848273595,-0.765607533290221,-0.9543857676519176,-0.6696811690943956,-0.4819604655223867,-0.4054260348642883,-0.3320973879082978,-0.0129110204505626,0.2504938403905321,1,0
-0.0500626174321758,-0.1798166189183073,-0.2145346233187325,-0.081923192051904,-0.0708881205008335,-0.4898220130452818,-0.2476957497217987,-0.1044769796740915,0.5871017633272931,0.0086655546354759,-0.1422485640363838,0.2818770593182612,-0.5837155985175215,0.515062042509356,-0.3819854848273595,-0.765607533290221,-0.9543857676519176,-0.6696811690943956,-0.4819604655223867,-0.4054260348642883,-0.3320973879082978,-0.0129110204505626,0.2504938403905321,1,0
-0.0500626174321758,-0.2610855857129323,-0.2145346233187325,-0.081923192051904,-0.0708881205008335,-0.4898220130452818,-0.2476957497217987,-0.1044769796740915,0.5871017633272931,-0.4056239100087942,-0.1422485640363838,-0.0707392644476944,-0.96221855922628,0.515062042509356,-0.3819854848273595,-0.765607533290221,-0.9543857676519176,-0.6696811690943956,-0.4819604655223867,-0.4054260348642883,-0.3320973879082978,-0.0129110204505626,0.2504938403905321,0,1
-0.0500626174321758,0.0639902814655678,-0.2145346233187325,-0.081923192051904,-0.0708881205008335,-0.4898220130452818,-0.2476957497217987,-0.1044769796740915,0.5871017633272931,0.9408168500850836,-0.1422485640363838,0.8009950849960001,0.4562614145926582,0.515062042509356,-0.3819854848273595,-0.765607533290221,-0.9543857676519176,-0.6696811690943956,-0.4819604655223867,-0.4054260348642883,-0.3320973879082978,-0.0129110204505626,0.2504938403905321,1,0
-0.0500626174321758,-0.0985476521236822,-0.2145346233187325,-0.081923192051904,-0.0708881205008335,-0.4898220130452818,-0.2476957497217987,-0.1044769796740915,0.5871017633272931,0.3193826531186785,-0.1422485640363838,0.3219013712223711,1.0237569617018227,0.515062042509356,-0.3819854848273595,-0.765607533290221,-0.9543857676519176,-0.6696811690943956,-0.4819604655223867,-0.4054260348642883,-0.3320973879082978,-0.0129110204505626,0.2504938403905321,1,0
-0.0500626174321758,-0.315264896909349,-0.2145346233187325,-0.081923192051904,-0.0708881205008335,-0.4898220130452818,-0.2476957497217987,-0.1044769796740915,0.5871017633272931,-0.5091962761698617,-0.1422485640363838,-0.0864737989118766,-0.5837155985175215,0.515062042509356,-0.3819854848273595,-0.765607533290221,-0.21743544169682,-0.5674273219100676,-0.4819604655223867,-0.4054260348642883,-0.3320973879082978,-0.0129110204505626,0.2504938403905321,1,0
-0.0500626174321758,-0.0985476521236822,-0.2145346233187325,-0.081923192051904,-0.0708881205008335,-0.4898220130452818,1.3316607841047603,-0.1044769796740915,0.5871017633272931,0.2158102869576109,-0.1422485640363838,0.6055517217246758,-0.96221855922628,0.515062042509356,-0.3819854848273595,-0.765607533290221,1.2564652102133755,-0.6696811690943956,2.074858980219718,-0.4054260348642883,-0.3320973879082978,-0.0129110204505626,0.2504938403905321,0,1
-0.0500626174321758,-0.1256373077218906,4.661252270288824,-0.081923192051904,-0.0708881205008335,-0.4898220130452818,-0.2476957497217987,-0.1044769796740915,0.5871017633272931,-0.8199133746530644,-0.1422485640363838,-0.6165392204139231,-0.11071634460856,0.515062042509356,-0.3819854848273595,-0.765607533290221,-0.9543857676519176,-0.6696811690943956,-0.4819604655223867,-0.4054260348642883,-0.3320973879082978,-0.0129110204505626,0.2504938403905321,0,1
-0.0500626174321758,-0.315264896909349,-0.2145346233187325,-0.081923192051904,-0.0708881205008335,-0.4898220130452818,-0.2476957497217987,-0.1044769796740915,0.5871017633272931,-0.5091962761698617,-0.1422485640363838,-0.9411347855059852,-0.96221855922628,0.515062042509356,-0.3819854848273595,-0.765607533290221,1.2564652102133755,-0.6696811690943956,-0.4819604655223867,-0.4054260348642883,-0.3320973879082978,-0.0129110204505626,0.2504938403905321,1,0
-0.0500626174321758,-0.2069062745165156,-0.2145346233187325,-0.081923192051904,-0.0708881205008335,2.0415578993334353,-0.2476957497217987,-0.1044769796740915,0.5871017633272931,-0.0949068115255916,-0.1422485640363838,0.4823006160296585,1.8744824944576233,0.515062042509356,2.617900521670229,1.4308530575417666,1.0630157496501622,0.334678841027225,-0.4819604655223867,-0.4054260348642883,-0.3320973879082978,-0.0129110204505626,0.2504938403905321,1,0
-0.0500626174321758,-0.1798166189183073,-0.2145346233187325,-0.081923192051904,-0.0708881205008335,-0.4898220130452818,-0.2476957497217987,-0.1044769796740915,0.5871017633272931,0.0086655546354759,-0.1422485640363838,-0.3785427939590007,-0.2054715317627362,0.515062042509356,-0.3819854848273595,1.3463738040482287,0.8642174560759849,-0.6696811690943956,-0.4819604655223867,-0.4054260348642883,-0.3320973879082978,-0.0129110204505626,0.2504938403905321,1,0
-0.0500626174321758,1.2017558165903184,-0.2145346233187325,-0.081923192051904,-0.0708881205008335,-0.4898220130452818,-1.8270522835483576,-0.1044769796740915,0.5871017633272931,-1.5449199377805372,-0.1422485640363838,-2.3462102647115204,0.078276241791846,0.515062042509356,2.617900521670229,-0.765607533290221,1.2564652102133755,2.806949635172753,-0.4819604655223867,-0.4054260348642883,-0.3320973879082978,-0.0129110204505626,0.2504938403905321,0,1
-0.0500626174321758,-0.315264896909349,-0.2145346233187325,-0.081923192051904,-0.0708881205008335,-0.4898220130452818,-0.2476957497217987,-0.1044769796740915,0.5871017633272931,-0.5091962761698617,-0.1422485640363838,-0.2638319782154809,-0.96221855922628,0.515062042509356,-0.3819854848273595,-0.765607533290221,-0.416611205468468,-0.6696811690943956,-0.4819604655223867,-0.4054260348642883,-0.3320973879082978,-0.0129110204505626,0.2504938403905321,1,0
-0.0500626174321758,-0.4236235193021824,-0.2145346233187325,-0.081923192051904,-0.0708881205008335,-0.4898220130452818,-1.8270522835483576,-0.1044769796740915,0.5871017633272931,-1.752064670102672,-0.1422485640363838,-2.829822064906752,-0.96221855922628,0.515062042509356,2.617900521670229,1.4308530575417666,1.2564652102133755,2.08265155095043,-0.4819604655223867,-0.4054260348642883,-0.3320973879082978,-0.0129110204505626,1.7999402757958851,0,1
-0.0500626174321758,-0.3965338637039741,4.661252270288824,-0.081923192051904,-0.0708881205008335,-0.4898220130452818,-1.8270522835483576,-0.1044769796740915,0.5871017633272931,-1.6484923039416046,-0.1422485640363838,-2.192873871312121,-0.96221855922628,0.515062042509356,-0.3819854848273595,-0.765607533290221,-0.9543857676519176,-0.6696811690943956,-0.4819604655223867,-0.4054260348642883,3.0111649064705395,-0.0129110204505626,1.7999402757958851,0,1
-0.0500626174321758,1.6081006505634436,-0.2145346233187325,-0.081923192051904,-0.0708881205008335,-0.4898220130452818,1.3316607841047603,-0.1044769796740915,0.5871017633272931,0.1122379207965434,-0.1422485640363838,0.7374941991694343,-0.96221855922628,0.515062042509356,-0.3819854848273595,-0.765607533290221,-0.9543857676519176,-0.6696811690943956,-0.4819604655223867,-0.4054260348642883,-0.3320973879082978,-0.0129110204505626,0.2504938403905321,0,1
-0.0500626174321758,-0.0985476521236822,-0.2145346233187325,-0.081923192051904,-0.0708881205008335,-0.4898220130452818,-0.2476957497217987,-0.1044769796740915,0.5871017633272931,0.3193826531186785,-0.1422485640363838,0.2744174043308021,-0.3944641181631423,0.515062042509356,-0.3819854848273595,0.3326227621257727,-0.0412081898379922,-0.3385734734499052,-0.4819604655223867,-0.4054260348642883,-0.3320973879082978,-0.0129110204505626,0.2504938403905321,1,0
-0.0500626174321758,1.2017558165903184,-0.2145346233187325,-0.081923192051904,-0.0708881205008335,-0.4898220130452818,-1.8270522835483576,-0.1044769796740915,0.5871017633272931,-1.5449199377805372,-0.1422485640363838,-2.3462102647115204,0.078276241791846,0.515062042509356,2.617900521670229,-0.765607533290221,1.2564652102133755,2.806949635172753,-0.4819604655223867,-0.4054260348642883,-0.3320973879082978,-0.0129110204505626,0.2504938403905321,0,1
-0.0500626174321758,-0.1256373077218906,-0.2145346233187325,-0.081923192051904,-0.0708881205008335,-0.4898220130452818,-0.2476957497217987,-0.1044769796740915,0.5871017633272931,0.2158102869576109,-0.1422485640363838,0.5293854768966756,-0.016220051408357,-1.941513676931134,-0.3819854848273595,-0.765607533290221,-0.9543857676519176,-0.6696811690943956,-0.4819604655223867,-0.4054260348642883,-0.3320973879082978,-0.0129110204505626,-1.2989525950148213,1,0
-0.0500626174321758,-0.233995930114724,-0.2145346233187325,-0.081923192051904,-0.0708881205008335,-0.4898220130452818,-0.2476957497217987,-0.1044769796740915,0.5871017633272931,-0.1984791776866591,-0.1422485640363838,0.2267797419212751,1.6854899080572172,0.515062042509356,-0.3819854848273595,-0.765607533290221,-0.9543857676519176,-0.6696811690943956,-0.4819604655223867,-0.4054260348642883,-0.3320973879082978,-0.0129110204505626,0.2504938403905321,1,0
-0.0500626174321758,1.4184730613759853,-0.2145346233187325,-0.081923192051904,-0.0708881205008335,-0.4898220130452818,-0.2476957497217987,-0.1044769796740915,0.5871017633272931,-0.6127686423309293,-0.1422485640363838,0.325617975168699,-0.96221855922628,0.515062042509356,-0.3819854848273595,-0.765607533290221,-0.9543857676519176,1.0686342330391787,-0.4819604655223867,-0.4054260348642883,-0.3320973879082978,-0.0129110204505626,0.2504938403905321,0,1
-0.0500626174321758,0.1723489038584012,-0.2145346233187325,-0.081923192051904,-0.0708881205008335,2.0415578993334353,1.3316607841047603,-0.1044769796740915,0.5871017633272931,1.2515339485682864,-0.1422485640363838,2.0501786675733893,-0.96221855922628,0.515062042509356,-0.3819854848273595,-0.765607533290221,1.2564652102133755,-0.6696811690943956,2.074858980219718,-0.4054260348642883,-0.3320973879082978,-0.0129110204505626,0.2504938403905321,0,1
-0.0500626174321758,-0.233995930114724,-0.2145346233187325,-0.081923192051904,-0.0708881205008335,-0.4898220130452818,-0.2476957497217987,-0.1044769796740915,0.5871017633272931,-0.1984791776866591,-0.1422485640363838,0.9532415805262668,1.7802450952113933,0.515062042509356,-0.3819854848273595,-0.765607533290221,0.6721688803489767,-0.4121529613709031,-0.4819604655223867,-0.4054260348642883,-0.3320973879082978,-0.0129110204505626,0.2504938403905321,1,0
-0.0500626174321758,-0.2881752413111407,-0.2145346233187325,-0.081923192051904,-0.0708881205008335,2.0415578993334353,-0.2476957497217987,-0.1044769796740915,0.5871017633272931,-0.4056239100087942,-0.1422485640363838,-0.877919085119906,1.402001028456608,0.515062042509356,-0.3819854848273595,-0.2775051797720016,1.2185649077356848,0.6458007568445255,-0.4819604655223867,-0.4054260348642883,-0.3320973879082978,-0.0129110204505626,0.2504938403905321,1,0
-0.0500626174321758,0.0910799370637761,-0.2145346233187325,-0.081923192051904,-0.0708881205008335,2.0415578993334353,-0.2476957497217987,-0.1044769796740915,0.5871017633272931,0.6300997516018811,-0.1422485640363838,1.328495327323766,-0.2054715317627362,0.515062042509356,2.617900521670229,-0.765607533290221,-0.9543857676519176,2.806949635172753,-0.4819604655223867,-0.4054260348642883,-0.3320973879082978,-0.0129110204505626,0.2504938403905321,0,1
-0.0500626174321758,-0.0172786853290572,-0.2145346233187325,-0.081923192051904,-0.0708881205008335,-0.4898220130452818,-0.2476957497217987,-0.1044769796740915,0.5871017633272931,0.6300997516018811,-0.1422485640363838,0.4407708514755831,0.5510166017468343,0.515062042509356,-0.3819854848273595,1.315249868550609,1.1783038120060163,0.1580880700168302,-0.4819604655223867,-0.4054260348642883,-0.3320973879082978,-0.0129110204505626,0.2504938403905321,1,0
-0.0500626174321758,0.4161558042422763,-0.2145346233187325,-0.081923192051904,-0.0708881205008335,-0.4898220130452818,-0.2476957497217987,-0.1044769796740915,0.5871017633272931,-0.5091962761698617,-0.1422485640363838,-0.3713607944432457,1.3075047352564049,0.515062042509356,-0.3819854848273595,-0.765607533290221,-0.9543857676519176,-0.6696811690943956,-0.4819604655223867,-0.4054260348642883,-0.3320973879082978,-0.0129110204505626,0.2504938403905321,0,1
-0.0500626174321758,-0.2881752413111407,-0.2145346233187325,-0.081923192051904,-0.0708881205008335,-0.4898220130452818,-0.2476957497217987,-0.1044769796740915,0.5871017633272931,-0.4056239100087942,-0.1422485640363838,0.4673806160004474,-0.96221855922628,0.515062042509356,-0.3819854848273595,1.4308530575417666,1.2564652102133755,-0.6696811690943956,-0.4819604655223867,-0.4054260348642883,-0.3320973879082978,-0.0129110204505626,0.2504938403905321,1,0
-0.0500626174321758,1.4184730613759853,-0.2145346233187325,-0.081923192051904,-0.0708881205008335,-0.4898220130452818,-0.2476957497217987,-0.1044769796740915,0.5871017633272931,-0.7163410084919968,-0.1422485640363838,0.0396113915994462,0.078276241791846,0.515062042509356,2.617900521670229,-0.765607533290221,1.2564652102133755,2.806949635172753,-0.4819604655223867,-0.4054260348642883,-0.3320973879082978,-0.0129110204505626,1.7999402757958851,0,1
-0.0500626174321758,-0.2610855857129323,-0.2145346233187325,-0.081923192051904,-0.0708881205008335,-0.4898220130452818,-0.2476957497217987,-0.1044769796740915,0.5871017633272931,-0.3020515438477267,-0.1422485640363838,0.4633570837883214,0.3617651213924551,0.515062042509356,-0.3819854848273595,-0.765607533290221,-0.9543857676519176,-0.6696811690943956,-0.4819604655223867,-0.4054260348642883,-0.3320973879082978,-0.0129110204505626,1.7999402757958851,1,0
-0.0500626174321758,-0.1256373077218906,-0.2145346233187325,-0.081923192051904,-0.0708881205008335,-0.4898220130452818,-0.2476957497217987,-0.1044769796740915,0.5871017633272931,0.2158102869576109,-0.1422485640363838,0.3275905217286222,-0.2054715317627362,0.515062042509356,-0.3819854848273595,-0.4518274488856514,-0.3319131622335342,-0.5306159369237096,-0.4819604655223867,-0.4054260348642883,-0.3320973879082978,-0.0129110204505626,0.2504938403905321,1,0
-0.0500626174321758,-0.2069062745165156,-0.2145346233187325,-0.081923192051904,-0.0708881205008335,-0.4898220130452818,-0.2476957497217987,-0.1044769796740915,0.5871017633272931,-0.0949068115255916,-0.1422485640363838,0.4823006160296574,1.402001028456608,0.515062042509356,-0.3819854848273595,-0.765607533290221,-0.9543857676519176,-0.6696811690943956,-0.4819604655223867,-0.4054260348642883,-0.3320973879082978,-0.0129110204505626,0.2504938403905321,1,0
-0.0500626174321758,-0.2881752413111407,-0.2145346233187325,-0.081923192051904,-0.0708881205008335,-0.4898220130452818,-1.8270522835483576,-0.1044769796740915,0.5871017633272931,-1.0270581069751994,-0.1422485640363838,-1.53802654029591,-0.96221855922628,0.515062042509356,-0.3819854848273595,-0.765607533290221,-0.9543857676519176,-0.6696811690943956,-0.4819604655223867,-0.4054260348642883,-0.3320973879082978,-0.0129110204505626,-1.2989525950148213,0,1
-0.0500626174321758,1.2830247833849435,-0.2145346233187325,-0.081923192051904,-0.0708881205008335,-0.4898220130452818,1.3316607841047603,-0.1044769796740915,0.5871017633272931,5.498000961172055,-0.1422485640363838,2.457477415394445,-0.5837155985175215,0.515062042509356,-0.3819854848273595,-0.765607533290221,-0.9543857676519176,-0.6696811690943956,-0.4819604655223867,-0.4054260348642883,-0.3320973879082978,-0.0129110204505626,-1.2989525950148213,0,1
-0.0500626174321758,-0.233995930114724,-0.2145346233187325,-0.081923192051904,-0.0708881205008335,-0.4898220130452818,-0.2476957497217987,-0.1044769796740915,0.5871017633272931,-0.1984791776866591,-0.1422485640363838,-0.348927644275652,1.213008442056202,0.515062042509356,-0.3819854848273595,-0.5344011553079066,-0.1317435433299481,-0.6272832324569912,-0.4819604655223867,-0.4054260348642883,-0.3320973879082978,-0.0129110204505626,0.2504938403905321,1,0
-0.0500626174321758,-0.0985476521236822,-0.2145346233187325,-0.081923192051904,-0.0708881205008335,-0.4898220130452818,-0.2476957497217987,-0.1044769796740915,0.5871017633272931,0.3193826531186785,-0.1422485640363838,0.7093476851450333,1.2124906541482556,0.515062042509356,-0.3819854848273595,-0.765607533290221,1.2564652102133755,-0.6696811690943956,-0.4819604655223867,-0.4054260348642883,-0.3320973879082978,-0.0129110204505626,0.2504938403905321,1,0
-0.0500626174321758,-0.0985476521236822,-0.2145346233187325,-0.081923192051904,-0.0708881205008335,-0.4898220130452818,-0.2476957497217987,-0.1044769796740915,0.5871017633272931,0.3193826531186785,-0.1422485640363838,0.6618637182534632,0.7402680821012136,0.515062042509356,-0.3819854848273595,-0.765607533290221,-0.9543857676519176,-0.6696811690943956,-0.4819604655223867,-0.4054260348642883,-0.3320973879082978,-0.0129110204505626,0.2504938403905321,1,0
-0.0500626174321758,-0.0172786853290572,-0.2145346233187325,-0.081923192051904,-0.0708881205008335,-0.4898220130452818,-0.2476957497217987,-0.1044769796740915,0.5871017633272931,0.5265273854408136,-0.1422485640363838,0.1679757608482402,1.6854899080572172,0.515062042509356,2.617900521670229,-0.765607533290221,-0.9543857676519176,0.7209711526124638,-0.4819604655223867,-0.4054260348642883,3.0111649064705395,-0.0129110204505626,1.7999402757958851,0,1
-0.0500626174321758,-0.233995930114724,-0.2145346233187325,-0.081923192051904,-0.0708881205008335,-0.4898220130452818,-0.2476957497217987,-0.1044769796740915,0.5871017633272931,-0.1984791776866591,-0.1422485640363838,-0.4996820966837155,-0.0164789453623301,0.515062042509356,-0.3819854848273595,0.6986995272644373,-0.1178475598109959,-0.5455157832277117,-0.4819604655223867,-0.4054260348642883,-0.3320973879082978,-0.0129110204505626,0.2504938403905321,1,0
-0.0500626174321758,-0.1527269633200989,-0.2145346233187325,-0.081923192051904,-0.0708881205008335,-0.4898220130452818,-0.2476957497217987,-0.1044769796740915,0.5871017633272931,0.1122379207965434,-0.1422485640363838,-0.184258217004701,-0.96221855922628,0.515062042509356,-0.3819854848273595,-0.765607533290221,-0.4880343895084574,-0.6696811690943956,-0.4819604655223867,-0.4054260348642883,-0.3320973879082978,-0.0129110204505626,0.2504938403905321,1,0
-0.0500626174321758,1.635190306161652,-0.2145346233187325,-0.081923192051904,-0.0708881205008335,-0.4898220130452818,1.3316607841047603,-0.1044769796740915,0.5871017633272931,5.394428595010988,-0.1422485640363838,3.0988060544599665,-0.2054715317627362,0.515062042509356,2.617900521670229,-0.765607533290221,1.2564652102133755,2.806949635172753,-0.4819604655223867,-0.4054260348642883,-0.3320973879082978,-0.0129110204505626,0.2504938403905321,0,1
-0.0500626174321758,-0.233995930114724,-0.2145346233187325,-0.081923192051904,-0.0708881205008335,-0.4898220130452818,-0.2476957497217987,-0.1044769796740915,0.5871017633272931,-0.3020515438477267,-0.1422485640363838,-0.7486584660999438,-0.5837155985175215,0.515062042509356,-0.3819854848273595,1.4308530575417666,1.2564652102133755,1.0686342330391787,-0.4819604655223867,-0.4054260348642883,-0.3320973879082978,-0.0129110204505626,0.2504938403905321,0,1
-0.0500626174321758,-0.233995930114724,-0.2145346233187325,-0.081923192051904,-0.0708881205008335,2.0415578993334353,-0.2476957497217987,-0.1044769796740915,0.5871017633272931,-0.1984791776866591,-0.1422485640363838,0.1353802481276758,0.4565203085466313,0.515062042509356,-0.3819854848273595,-0.765607533290221,-0.9543857676519176,-0.6696811690943956,-0.4819604655223867,-0.4054260348642883,-0.3320973879082978,-0.0129110204505626,0.2504938403905321,1,0
-0.0500626174321758,-0.1256373077218906,-0.2145346233187325,-0.081923192051904,-0.0708881205008335,-0.4898220130452818,-0.2476957497217987,-0.1044769796740915,0.5871017633272931,0.2158102869576109,-0.1422485640363838,0.4799230113846224,0.4565203085466313,0.515062042509356,-0.3819854848273595,-0.765607533290221,-0.9543857676519176,-0.6696811690943956,-0.4819604655223867,-0.4054260348642883,-0.3320973879082978,-0.0129110204505626,0.2504938403905321,1,0
-0.0500626174321758,-0.0443683409272655,-0.2145346233187325,-0.081923192051904,-0.0708881205008335,-0.4898220130452818,-0.2476957497217987,-0.1044769796740915,0.5871017633272931,0.5265273854408136,-0.1422485640363838,0.8415022987683826,0.7402680821012136,0.515062042509356,-0.3819854848273595,0.6216307346036658,-0.3402604960226696,-0.3839306920313423,-0.4819604655223867,-0.4054260348642883,-0.3320973879082978,-0.0129110204505626,0.2504938403905321,1,0
-0.0500626174321758,0.0098109702691511,-0.2145346233187325,-0.081923192051904,-0.0708881205008335,2.0415578993334353,-0.2476957497217987,-0.1044769796740915,0.5871017633272931,0.7336721177629486,-0.1422485640363838,0.9102578758784572,-0.0164789453623301,0.515062042509356,2.617900521670229,-0.743280106699807,0.5195148842582776,0.9991016169538356,-0.4819604655223867,-0.4054260348642883,-0.3320973879082978,-0.0129110204505626,3.3493867112012388,1,0
-0.0500626174321758,-0.2610855857129323,-0.2145346233187325,-0.081923192051904,-0.0708881205008335,-0.4898220130452818,-0.2476957497217987,-0.1044769796740915,0.5871017633272931,-0.3020515438477267,-0.1422485640363838,-0.3013395884274578,-0.96221855922628,0.515062042509356,-0.3819854848273595,0.112976703042574,-0.0331978602080455,-0.6696811690943956,-0.4819604655223867,-0.4054260348642883,-0.3320973879082978,-0.0129110204505626,0.2504938403905321,1,0
-0.0500626174321758,-0.2610855857129323,-0.2145346233187325,-0.081923192051904,-0.0708881205008335,2.0415578993334353,-0.2476957497217987,-0.1044769796740915,0.5871017633272931,-0.3020515438477267,-0.1422485640363838,0.2084581930497305,1.4335860908413334,0.515062042509356,-0.3819854848273595,1.4308530575417666,0.3089576482711069,1.0686342330391787,-0.4819604655223867,-0.4054260348642883,-0.3320973879082978,-0.0129110204505626,0.2504938403905321,1,0
-0.0500626174321758,-0.2881752413111407,-0.2145346233187325,-0.081923192051904,-0.0708881205008335,-0.4898220130452818,-0.2476957497217987,-0.1044769796740915,0.5871017633272931,-0.4056239100087942,-0.1422485640363838,0.1983206757763764,1.6857488020111904,0.515062042509356,-0.3819854848273595,-0.765607533290221,-0.9543857676519176,-0.6696811690943956,-0.4819604655223867,-0.4054260348642883,-0.3320973879082978,-0.0129110204505626,0.2504938403905321,1,0
-0.0500626174321758,-0.2881752413111407,-0.2145346233187325,-0.081923192051904,-0.0708881205008335,-0.4898220130452818,-0.2476957497217987,-0.1044769796740915,0.5871017633272931,-0.4056239100087942,-0.1422485640363838,0.4673806160004474,1.4967562156107843,0.515062042509356,-0.3819854848273595,-0.765607533290221,-0.9543857676519176,-0.6696811690943956,-0.4819604655223867,-0.4054260348642883,-0.3320973879082978,-0.0129110204505626,0.2504938403905321,1,0
-0.0500626174321758,0.5516040822333181,-0.2145346233187325,-0.081923192051904,-0.0708881205008335,-0.4898220130452818,-0.2476957497217987,-0.1044769796740915,0.5871017633272931,-0.6127686423309293,-0.1422485640363838,-0.6967086903295405,1.9692376816117991,0.515062042509356,-0.3819854848273595,-0.765607533290221,-0.9543857676519176,-0.0375664774094594,-0.4819604655223867,2.4665411542569986,-0.3320973879082978,-0.0129110204505626,0.2504938403905321,0,1
-0.0500626174321758,-0.2881752413111407,-0.2145346233187325,-0.081923192051904,-0.0708881205008335,-0.4898220130452818,-0.2476957497217987,-0.1044769796740915,0.5871017633272931,-0.4056239100087942,-0.1422485640363838,0.1983206757763764,1.213008442056202,0.515062042509356,-0.3819854848273595,-0.765607533290221,-0.9543857676519176,-0.6696811690943956,-0.4819604655223867,-0.4054260348642883,-0.3320973879082978,-0.0129110204505626,0.2504938403905321,1,0
-0.0500626174321758,-0.4778028304985991,-0.2145346233187325,-0.081923192051904,-0.0708881205008335,-0.4898220130452818,-0.2476957497217987,-0.1044769796740915,0.5871017633272931,-1.1306304731362669,-0.1422485640363838,-1.5623329983243792,0.8345054813474435,0.515062042509356,-0.3819854848273595,0.4424457916673722,1.1956161007308446,-0.6696811690943956,-0.4819604655223867,-0.4054260348642883,-0.3320973879082978,-0.0129110204505626,0.2504938403905321,1,0
-0.0500626174321758,-0.0443683409272655,-0.2145346233187325,-0.081923192051904,-0.0708881205008335,-0.4898220130452818,-0.2476957497217987,-0.1044769796740915,0.5871017633272931,0.5265273854408136,-0.1422485640363838,0.4827557118029543,1.4964973216568112,0.515062042509356,-0.3819854848273595,-0.765607533290221,-0.9543857676519176,-0.6696811690943956,-0.4819604655223867,-0.4054260348642883,-0.3320973879082978,-0.0129110204505626,0.2504938403905321,1,0
-0.0500626174321758,-0.315264896909349,-0.2145346233187325,-0.081923192051904,-0.0708881205008335,-0.4898220130452818,-1.8270522835483576,-0.1044769796740915,0.5871017633272931,-1.0270581069751994,-0.1422485640363838,-0.7308467196236971,-0.2054715317627362,0.515062042509356,2.617900521670229,-0.765607533290221,-0.9543857676519176,2.806949635172753,-0.4819604655223867,-0.4054260348642883,-0.3320973879082978,-0.0129110204505626,0.2504938403905321,0,1
-0.0500626174321758,-0.315264896909349,-0.2145346233187325,-0.081923192051904,-0.0708881205008335,2.0415578993334353,-0.2476957497217987,-0.1044769796740915,0.5871017633272931,-0.5091962761698617,-0.1422485640363838,0.1984131966194925,0.3620240153464283,0.515062042509356,-0.3819854848273595,-0.765607533290221,-0.9543857676519176,-0.6696811690943956,-0.4819604655223867,-0.4054260348642883,-0.3320973879082978,-0.0129110204505626,-1.2989525950148213,1,0
-0.0500626174321758,-0.2069062745165156,-0.2145346233187325,-0.081923192051904,-0.0708881205008335,-0.4898220130452818,-0.2476957497217987,-0.1044769796740915,0.5871017633272931,-0.0949068115255916,-0.1422485640363838,0.4823006160296585,0.4565203085466313,0.515062042509356,-0.3819854848273595,-0.765607533290221,-0.6942856526089421,-0.6696811690943956,-0.4819604655223867,-0.4054260348642883,-0.3320973879082978,-0.0129110204505626,0.2504938403905321,1,0
-0.0500626174321758,-0.0714579965254739,-0.2145346233187325,-0.081923192051904,-0.0708881205008335,-0.4898220130452818,-0.2476957497217987,-0.1044769796740915,0.5871017633272931,0.422955019279746,-0.1422485640363838,0.8105354593505543,0.078276241791846,0.515062042509356,-0.3819854848273595,-0.765607533290221,-0.5524128625855008,-0.5610364564610472,-0.4819604655223867,-0.4054260348642883,-0.3320973879082978,-0.0129110204505626,0.2504938403905321,1,0
-0.0500626174321758,-0.2610855857129323,-0.2145346233187325,-0.081923192051904,-0.0708881205008335,-0.4898220130452818,-0.2476957497217987,-0.1044769796740915,0.5871017633272931,-0.3020515438477267,-0.1422485640363838,-0.6524484726329963,1.4022599224105812,0.515062042509356,-0.3819854848273595,-0.765607533290221,1.131322702032321,-0.6696811690943956,-0.4819604655223867,-0.4054260348642883,-0.3320973879082978,-0.0129110204505626,0.2504938403905321,1,0
-0.0500626174321758,-0.4507131749003907,-0.2145346233187325,-0.081923192051904,-0.0708881205008335,-0.4898220130452818,-0.2476957497217987,-0.1044769796740915,0.5871017633272931,-1.0270581069751994,-0.1422485640363838,-1.9416164506320155,-0.96221855922628,0.515062042509356,-0.3819854848273595,-0.765607533290221,1.2564652102133755,-0.6696811690943956,-0.4819604655223867,-0.4054260348642883,-0.3320973879082978,-0.0129110204505626,0.2504938403905321,1,0
-0.0500626174321758,-0.2610855857129323,-0.2145346233187325,-0.081923192051904,-0.0708881205008335,-0.4898220130452818,-0.2476957497217987,-0.1044769796740915,0.5871017633272931,-0.4056239100087942,-0.1422485640363838,-0.2382442115677644,-0.96221855922628,0.515062042509356,-0.3819854848273595,-0.765607533290221,-0.9543857676519176,-0.6696811690943956,-0.4819604655223867,-0.4054260348642883,-0.3320973879082978,-0.0129110204505626,0.2504938403905321,0,1
-0.0500626174321758,1.5810109949652351,-0.2145346233187325,-0.081923192051904,-0.0708881205008335,-0.4898220130452818,1.3316607841047603,-0.1044769796740915,0.5871017633272931,5.394428595010988,-0.1422485640363838,2.7436004778004746,-0.2054715317627362,0.515062042509356,2.617900521670229,-0.765607533290221,1.2564652102133755,2.806949635172753,-0.4819604655223867,-0.4054260348642883,-0.3320973879082978,-0.0129110204505626,0.2504938403905321,0,1
-0.0500626174321758,-0.1256373077218906,-0.2145346233187325,-0.081923192051904,-0.0708881205008335,2.0415578993334353,-0.2476957497217987,-0.1044769796740915,0.5871017633272931,0.2158102869576109,-0.1422485640363838,0.7578842113806761,-0.1109752385625332,0.515062042509356,-0.3819854848273595,-0.765607533290221,-0.9543857676519176,-0.6696811690943956,-0.4819604655223867,-0.4054260348642883,-0.3320973879082978,-0.0129110204505626,0.2504938403905321,1,0
-0.0500626174321758,1.4184730613759853,-0.2145346233187325,-0.081923192051904,-0.0708881205008335,-0.4898220130452818,-0.2476957497217987,-0.1044769796740915,0.5871017633272931,-0.7163410084919968,-0.1422485640363838,0.0396113915994462,0.078276241791846,0.515062042509356,2.617900521670229,-0.765607533290221,1.2564652102133755,2.806949635172753,-0.4819604655223867,-0.4054260348642883,-0.3320973879082978,-0.0129110204505626,1.7999402757958851,0,1
-0.0500626174321758,-0.2069062745165156,-0.2145346233187325,-0.081923192051904,-0.0708881205008335,-0.4898220130452818,-0.2476957497217987,-0.1044769796740915,0.5871017633272931,-0.1984791776866591,-0.1422485640363838,-0.0153742042803887,0.8345054813474435,0.515062042509356,2.617900521670229,1.4308530575417666,1.2564652102133755,2.806949635172753,-0.4819604655223867,-0.4054260348642883,-0.3320973879082978,-0.0129110204505626,0.2504938403905321,0,1
-0.0500626174321758,-0.2069062745165156,-0.2145346233187325,-0.081923192051904,-0.0708881205008335,2.0415578993334353,-0.2476957497217987,-0.1044769796740915,0.5871017633272931,-0.0949068115255916,-0.1422485640363838,0.7129234219360052,-0.8674633720721038,0.515062042509356,2.617900521670229,1.4308530575417666,1.2564652102133755,0.0256449917590341,-0.4819604655223867,-0.4054260348642883,-0.3320973879082978,-0.0129110204505626,1.7999402757958851,1,0
-0.0500626174321758,-0.3423545525075573,-0.2145346233187325,-0.081923192051904,-0.0708881205008335,2.0415578993334353,-0.2476957497217987,-0.1044769796740915,0.5871017633272931,-0.6127686423309293,-0.1422485640363838,-0.0913238248253813,-0.96221855922628,0.515062042509356,-0.3819854848273595,-0.765607533290221,-0.726798166989314,-0.4523917438276987,-0.4819604655223867,-0.4054260348642883,-0.3320973879082978,-0.0129110204505626,0.2504938403905321,1,0
-0.0500626174321758,-0.0443683409272655,-0.2145346233187325,-0.081923192051904,-0.0708881205008335,-0.4898220130452818,-0.2476957497217987,-0.1044769796740915,0.5871017633272931,0.5265273854408136,-0.1422485640363838,0.4500624199382635,-0.96221855922628,0.515062042509356,-0.3819854848273595,-0.765607533290221,-0.9543857676519176,-0.6696811690943956,-0.4819604655223867,-0.4054260348642883,-0.3320973879082978,-0.0129110204505626,0.2504938403905321,1,0
-0.0500626174321758,1.4455627169741936,-0.2145346233187325,-0.081923192051904,-0.0708881205008335,-0.4898220130452818,1.3316607841047603,1.603593532708875,0.5871017633272931,1.8729681455346912,-0.1422485640363838,1.2487047809232945,-0.96221855922628,0.515062042509356,-0.3819854848273595,-0.765607533290221,-0.9543857676519176,-0.6696811690943956,-0.4819604655223867,-0.4054260348642883,-0.3320973879082978,-0.0129110204505626,-1.2989525950148213,0,1
-0.0500626174321758,-0.3423545525075573,-0.2145346233187325,-0.081923192051904,-0.0708881205008335,-0.4898220130452818,-0.2476957497217987,-0.1044769796740915,0.5871017633272931,-0.6127686423309293,-0.1422485640363838,-0.3940162575774609,1.4996040491044889,0.515062042509356,2.617900521670229,1.4308530575417666,1.234356700434723,-0.6696811690943956,-0.4819604655223867,-0.4054260348642883,-0.3320973879082978,-0.0129110204505626,0.2504938403905321,1,0
-0.0500626174321758,0.0369006258673594,-0.2145346233187325,-0.081923192051904,-0.0708881205008335,2.0415578993334353,1.3316607841047603,-0.1044769796740915,0.5871017633272931,0.8372444839240162,-0.1422485640363838,0.9868641529533432,0.172772534992049,0.515062042509356,-0.3819854848273595,-0.765607533290221,-0.9543857676519176,-0.6696811690943956,-0.4819604655223867,-0.4054260348642883,-0.3320973879082978,-0.0129110204505626,0.2504938403905321,1,0
-0.0500626174321758,1.5810109949652351,-0.2145346233187325,-0.081923192051904,-0.0708881205008335,-0.4898220130452818,-1.8270522835483576,-0.1044769796740915,0.5871017633272931,-1.5449199377805372,-0.1422485640363838,-2.3462102647115204,0.078276241791846,0.515062042509356,2.617900521670229,-0.765607533290221,1.2564652102133755,2.806949635172753,-0.4819604655223867,-0.4054260348642883,-0.3320973879082978,-0.0129110204505626,0.2504938403905321,0,1
-0.0500626174321758,0.1452592482601928,-0.2145346233187325,-0.081923192051904,-0.0708881205008335,-0.4898220130452818,1.3316607841047603,-0.1044769796740915,0.5871017633272931,-0.3020515438477267,-0.1422485640363838,0.1122481995827808,-0.96221855922628,0.515062042509356,-0.3819854848273595,-0.765607533290221,-0.9543857676519176,-0.6696811690943956,-0.4819604655223867,-0.4054260348642883,-0.3320973879082978,-0.0129110204505626,-1.2989525950148213,0,1
-0.0500626174321758,-0.0714579965254739,-0.2145346233187325,-0.081923192051904,-0.0708881205008335,-0.4898220130452818,-0.2476957497217987,-0.1044769796740915,0.5871017633272931,0.422955019279746,-0.1422485640363838,0.3583825400927669,-0.1109752385625332,0.515062042509356,-0.3819854848273595,-0.765607533290221,-0.9543857676519176,-0.6696811690943956,-0.4819604655223867,-0.4054260348642883,-0.3320973879082978,-0.0129110204505626,0.2504938403905321,1,0
-0.0500626174321758,-0.4236235193021824,-0.2145346233187325,-0.081923192051904,-0.0708881205008335,-0.4898220130452818,-0.2476957497217987,-0.1044769796740915,0.5871017633272931,-0.923485740814132,-0.1422485640363838,-1.4950390392752628,1.590993614857014,0.515062042509356,-0.3819854848273595,1.4308530575417666,1.2529107874193797,-0.6177911570904083,-0.4819604655223867,-0.4054260348642883,-0.3320973879082978,-0.0129110204505626,1.7999402757958851,1,0
-0.0500626174321758,-0.1798166189183073,-0.2145346233187325,-0.081923192051904,-0.0708881205008335,2.0415578993334353,-0.2476957497217987,-0.1044769796740915,0.5871017633272931,0.0086655546354759,-0.1422485640363838,0.2818770593182633,0.9292606685016196,0.515062042509356,-0.3819854848273595,1.4308530575417666,1.240785416044118,-0.6696811690943956,-0.4819604655223867,-0.4054260348642883,-0.3320973879082978,-0.0129110204505626,0.2504938403905321,1,0
-0.0500626174321758,-0.2881752413111407,-0.2145346233187325,-0.081923192051904,-0.0708881205008335,2.0415578993334353,-0.2476957497217987,-0.1044769796740915,0.5871017633272931,-0.4056239100087942,-0.1422485640363838,-0.0707392644476944,1.402001028456608,0.515062042509356,-0.3819854848273595,-0.6382764845463378,1.15283157062594,-0.6696811690943956,-0.4819604655223867,-0.4054260348642883,-0.3320973879082978,-0.0129110204505626,0.2504938403905321,1,0
-0.0500626174321758,-0.1256373077218906,-0.2145346233187325,-0.081923192051904,-0.0708881205008335,-0.4898220130452818,1.3316607841047603,-0.1044769796740915,0.5871017633272931,0.2158102869576109,-0.1422485640363838,0.2019618113885689,-0.96221855922628,-1.941513676931134,-0.3819854848273595,-0.765607533290221,-0.9543857676519176,-0.6696811690943956,-0.4819604655223867,-0.4054260348642883,-0.3320973879082978,-0.0129110204505626,-1.2989525950148213,1,0
-0.0500626174321758,1.4997420281706102,-0.2145346233187325,-0.081923192051904,-0.0708881205008335,-0.4898220130452818,1.3316607841047603,-0.1044769796740915,0.5871017633272931,5.29085622884992,-0.1422485640363838,3.1274398696835193,-0.5837155985175215,0.515062042509356,-0.3819854848273595,-0.765607533290221,1.2564652102133755,-0.6696811690943956,2.074858980219718,-0.4054260348642883,-0.3320973879082978,-0.0129110204505626,0.2504938403905321,0,1
-0.0500626174321758,0.6599627046261515,-0.2145346233187325,-0.081923192051904,-0.0708881205008335,2.0415578993334353,-0.2476957497217987,-0.1044769796740915,0.5871017633272931,2.183685244017894,-0.1422485640363838,1.1236093828225922,-0.96221855922628,0.515062042509356,-0.3819854848273595,-0.765607533290221,1.2564652102133755,-0.6696811690943956,2.074858980219718,-0.4054260348642883,-0.3320973879082978,-0.0129110204505626,0.2504938403905321,0,1
-0.0500626174321758,-0.1798166189183073,-0.2145346233187325,-0.081923192051904,-0.0708881205008335,2.0415578993334353,-0.2476957497217987,-0.1044769796740915,0.5871017633272931,0.0086655546354759,-0.1422485640363838,0.5020170104106858,1.496238427702838,0.515062042509356,-0.3819854848273595,-0.765607533290221,-0.9543857676519176,-0.6696811690943956,-0.4819604655223867,-0.4054260348642883,-0.3320973879082978,-0.0129110204505626,0.2504938403905321,1,0
-0.0500626174321758,-0.315264896909349,-0.2145346233187325,-0.081923192051904,-0.0708881205008335,2.0415578993334353,-0.2476957497217987,-0.1044769796740915,0.5871017633272931,-0.5091962761698617,-0.1422485640363838,-0.3713607944432457,1.3075047352564049,0.515062042509356,-0.3819854848273595,-0.765607533290221,-0.9543857676519176,-0.6696811690943956,-0.4819604655223867,-0.4054260348642883,-0.3320973879082978,-0.0129110204505626,0.2504938403905321,1,0
-0.0500626174321758,1.8248178953491103,-0.2145346233187325,-0.081923192051904,14.106735979665885,-0.4898220130452818,-0.2476957497217987,-0.1044769796740915,0.5871017633272931,-0.6127686423309293,-0.1422485640363838,0.325617975168699,-0.96221855922628,0.515062042509356,-0.3819854848273595,-0.765607533290221,-0.9543857676519176,1.0686342330391787,-0.4819604655223867,-0.4054260348642883,-0.3320973879082978,-0.0129110204505626,0.2504938403905321,0,1
-0.0500626174321758,-0.1256373077218906,-0.2145346233187325,-0.081923192051904,-0.0708881205008335,2.0415578993334353,1.3316607841047603,-0.1044769796740915,0.5871017633272931,0.2158102869576109,-0.1422485640363838,0.8835129217207294,-0.2999678249629393,0.515062042509356,-0.3819854848273595,-0.2970292739127303,-0.6986530052869024,-0.4379057821432522,-0.4819604655223867,-0.4054260348642883,-0.3320973879082978,-0.0129110204505626,0.2504938403905321,1,0
-0.0500626174321758,0.4432454598404847,-0.2145346233187325,-0.081923192051904,-0.0708881205008335,-0.4898220130452818,-0.2476957497217987,-0.1044769796740915,0.5871017633272931,-1.1306304731362669,-0.1422485640363838,-0.9558721983329898,0.1176281227957661,0.515062042509356,-0.3819854848273595,-0.765607533290221,-0.9543857676519176,-0.6696811690943956,-0.4819604655223867,-0.4054260348642883,-0.3320973879082978,-0.0129110204505626,0.2504938403905321,0,1
-0.0500626174321758,-0.315264896909349,-0.2145346233187325,-0.081923192051904,-0.0708881205008335,-0.4898220130452818,-0.2476957497217987,-0.1044769796740915,0.5871017633272931,-0.5091962761698617,-0.1422485640363838,-0.6562477899746149,-0.11071634460856,0.515062042509356,-0.3819854848273595,1.4308530575417666,1.0863997503775835,-0.6696811690943956,-0.4819604655223867,-0.4054260348642883,-0.3320973879082978,-0.0129110204505626,0.2504938403905321,1,0
-0.0500626174321758,-0.315264896909349,-0.2145346233187325,-0.081923192051904,-0.0708881205008335,-0.4898220130452818,-0.2476957497217987,-0.1044769796740915,0.5871017633272931,-0.5091962761698617,-0.1422485640363838,-0.6562477899746149,0.2672688281922521,0.515062042509356,-0.3819854848273595,-0.765607533290221,0.8879900472358266,-0.5185233080393021,-0.4819604655223867,-0.4054260348642883,-0.3320973879082978,-0.0129110204505626,0.2504938403905321,1,0
-0.0500626174321758,-0.3694442081057657,-0.2145346233187325,-0.081923192051904,-0.0708881205008335,-0.4898220130452818,-0.2476957497217987,-0.1044769796740915,0.5871017633272931,-0.7163410084919968,-0.1422485640363838,-0.7279984566631243,2.347740642320558,0.515062042509356,-0.3819854848273595,1.4308530575417666,0.6204669837041814,-0.6696811690943956,-0.4819604655223867,-0.4054260348642883,-0.3320973879082978,-0.0129110204505626,0.2504938403905321,1,0
-0.0500626174321758,0.1181695926619845,-0.2145346233187325,-0.081923192051904,-0.0708881205008335,-0.4898220130452818,-0.2476957497217987,-0.1044769796740915,0.5871017633272931,0.1122379207965434,-0.1422485640363838,1.4486779664725578,-0.96221855922628,0.515062042509356,2.617900521670229,-0.765607533290221,-0.9543857676519176,1.9377919341059655,-0.4819604655223867,-0.4054260348642883,-0.3320973879082978,-0.0129110204505626,0.2504938403905321,0,1
-0.0500626174321758,-0.1798166189183073,-0.2145346233187325,-0.081923192051904,-0.0708881205008335,2.0415578993334353,-0.2476957497217987,-0.1044769796740915,0.5871017633272931,0.0086655546354759,-0.1422485640363838,0.5851074593139566,1.319154963185197,0.515062042509356,-0.3819854848273595,-0.7388214285239773,-0.3899131775586514,-0.6696811690943956,-0.4819604655223867,-0.4054260348642883,-0.3320973879082978,-0.0129110204505626,0.2504938403905321,1,0
-0.0500626174321758,-0.4236235193021824,-0.2145346233187325,-0.081923192051904,-0.0708881205008335,-0.4898220130452818,-0.2476957497217987,-0.1044769796740915,0.5871017633272931,-0.923485740814132,-0.1422485640363838,-0.7499499740393739,1.4967562156107843,0.515062042509356,-0.3819854848273595,-0.765607533290221,0.6423399385841273,-0.495849628881038,-0.4819604655223867,-0.4054260348642883,-0.3320973879082978,-0.0129110204505626,0.2504938403905321,1,0
-0.0500626174321758,-0.0172786853290572,-0.2145346233187325,-0.081923192051904,-0.0708881205008335,2.0415578993334353,-0.2476957497217987,-0.1044769796740915,0.5871017633272931,0.6300997516018811,-0.1422485640363838,0.9825611184642457,-0.96221855922628,0.515062042509356,-0.3819854848273595,-0.765607533290221,-0.9543857676519176,-0.6696811690943956,-0.4819604655223867,-0.4054260348642883,-0.3320973879082978,-0.0129110204505626,-1.2989525950148213,1,0
-0.0500626174321758,1.1204868497956937,-0.2145346233187325,-0.081923192051904,-0.0708881205008335,-0.4898220130452818,-1.8270522835483576,0.7495582765173918,0.5871017633272931,-0.5091962761698617,-0.1422485640363838,-0.7637766062023807,-0.96221855922628,0.515062042509356,-0.3819854848273595,-0.0334540030128918,-0.7843203078161259,-0.627794050970695,-0.4819604655223867,2.4665411542569986,-0.3320973879082978,-0.0129110204505626,1.7999402757958851,0,1
-0.0500626174321758,-0.2881752413111407,-0.2145346233187325,-0.081923192051904,-0.0708881205008335,-0.4898220130452818,-0.2476957497217987,-0.1044769796740915,0.5871017633272931,-0.5091962761698617,-0.1422485640363838,-0.0864737989118776,-0.96221855922628,0.515062042509356,-0.3819854848273595,-0.765607533290221,-0.9543857676519176,-0.6696811690943956,-0.4819604655223867,-0.4054260348642883,-0.3320973879082978,-0.0129110204505626,0.2504938403905321,0,1
-0.0500626174321758,1.3913834057777767,-0.2145346233187325,-0.081923192051904,-0.0708881205008335,-0.4898220130452818,-0.2476957497217987,-0.1044769796740915,0.5871017633272931,-0.7163410084919968,-0.1422485640363838,0.0396113915994462,0.078276241791846,0.515062042509356,2.617900521670229,-0.765607533290221,1.2564652102133755,2.806949635172753,-0.4819604655223867,-0.4054260348642883,-0.3320973879082978,-0.0129110204505626,1.7999402757958851,0,1
-0.0500626174321758,-0.3965338637039741,-0.2145346233187325,-0.081923192051904,-0.0708881205008335,2.0415578993334353,-0.2476957497217987,-0.1044769796740915,0.5871017633272931,-0.8199133746530644,-0.1422485640363838,-0.7471099258333503,2.0642517627199486,0.515062042509356,-0.3819854848273595,-0.765607533290221,-0.9543857676519176,-0.6696811690943956,-0.4819604655223867,-0.4054260348642883,-0.3320973879082978,-0.0129110204505626,-1.2989525950148213,1,0
-0.0500626174321758,0.0369006258673594,-0.2145346233187325,-0.081923192051904,-0.0708881205008335,-0.4898220130452818,-0.2476957497217987,-0.1044769796740915,0.5871017633272931,0.7336721177629486,-0.1422485640363838,1.4112660404336237,-0.96221855922628,0.515062042509356,-0.3819854848273595,1.4308530575417666,-0.9543857676519176,1.0686342330391787,-0.4819604655223867,2.4665411542569986,-0.3320973879082978,-0.0129110204505626,0.2504938403905321,0,1
-0.0500626174321758,2.339521351715069,-0.2145346233187325,-0.081923192051904,-0.0708881205008335,-0.4898220130452818,2.9110173179313197,-0.1044769796740915,0.5871017633272931,1.2515339485682864,-0.1422485640363838,0.5081220788211191,2.40366173637876,0.515062042509356,-0.3819854848273595,-0.765607533290221,-0.9543857676519176,-0.6696811690943956,-0.4819604655223867,-0.4054260348642883,-0.3320973879082978,-0.0129110204505626,0.2504938403905321,0,1
-0.0500626174321758,1.2559351277867352,-0.2145346233187325,-0.081923192051904,-0.0708881205008335,-0.4898220130452818,1.3316607841047603,-0.1044769796740915,0.5871017633272931,5.394428595010988,-0.1422485640363838,2.406335448442559,-0.2054715317627362,0.515062042509356,2.617900521670229,-0.765607533290221,1.2564652102133755,2.806949635172753,-0.4819604655223867,-0.4054260348642883,-0.3320973879082978,-0.0129110204505626,0.2504938403905321,0,1
-0.0500626174321758,1.3913834057777767,-0.2145346233187325,-0.081923192051904,-0.0708881205008335,-0.4898220130452818,-0.2476957497217987,-0.1044769796740915,0.5871017633272931,-0.7163410084919968,-0.1422485640363838,0.0396113915994462,0.078276241791846,0.515062042509356,2.617900521670229,-0.765607533290221,1.2564652102133755,2.806949635172753,-0.4819604655223867,-0.4054260348642883,-0.3320973879082978,-0.0129110204505626,1.7999402757958851,0,1
-0.0500626174321758,-0.1527269633200989,-0.2145346233187325,-0.081923192051904,-0.0708881205008335,-0.4898220130452818,-0.2476957497217987,-0.1044769796740915,0.5871017633272931,0.1122379207965434,-0.1422485640363838,0.0779234393571473,1.4967562156107843,0.515062042509356,-0.3819854848273595,-0.765607533290221,0.1275200300268427,-0.6185542455022316,-0.4819604655223867,-0.4054260348642883,-0.3320973879082978,-0.0129110204505626,0.2504938403905321,1,0
-0.0500626174321758,-0.0985476521236822,-0.2145346233187325,-0.081923192051904,-0.0708881205008335,-0.4898220130452818,-0.2476957497217987,-0.1044769796740915,0.5871017633272931,0.3193826531186785,-0.1422485640363838,0.4425049331488238,0.6455128949470375,0.515062042509356,-0.3819854848273595,0.4758701919626414,0.2542127669144425,-0.4022480303046149,-0.4819604655223867,-0.4054260348642883,-0.3320973879082978,-0.0129110204505626,0.2504938403905321,1,0
-0.0500626174321758,-0.0172786853290572,-0.2145346233187325,-0.081923192051904,-0.0708881205008335,-0.4898220130452818,-0.2476957497217987,-0.1044769796740915,0.5871017633272931,-1.2342028392973343,-0.1422485640363838,-1.3768983876967698,0.172772534992049,0.515062042509356,-0.3819854848273595,1.3551130371682498,1.2564652102133755,1.7639603938926085,-0.4819604655223867,-0.4054260348642883,-0.3320973879082978,-0.0129110204505626,1.7999402757958851,0,1
-0.0500626174321758,-0.233995930114724,-0.2145346233187325,-0.081923192051904,-0.0708881205008335,-0.4898220130452818,-0.2476957497217987,-0.1044769796740915,0.5871017633272931,-0.1984791776866591,-0.1422485640363838,0.2267797419212751,1.213008442056202,0.515062042509356,-0.3819854848273595,-0.765607533290221,1.2564652102133755,-0.6696811690943956,-0.4819604655223867,-0.4054260348642883,-0.3320973879082978,-0.0129110204505626,0.2504938403905321,1,0
-0.0500626174321758,-0.2881752413111407,-0.2145346233187325,-0.081923192051904,-0.0708881205008335,-0.4898220130452818,-0.2476957497217987,-0.1044769796740915,0.5871017633272931,-0.4056239100087942,-0.1422485640363838,0.4673806160004474,-0.96221855922628,0.515062042509356,-0.3819854848273595,-0.765607533290221,-0.9543857676519176,-0.6696811690943956,-0.4819604655223867,-0.4054260348642883,-0.3320973879082978,-0.0129110204505626,0.2504938403905321,1,0
